Workbook

Sheet Cover
B2: iWave SDR Platform - ZU47DR RFSoC
B3: API & Engineering Calculation Reference
B4: Mathematics / DSP | GUI | QDMA & driver | Firmware & PCIe control
B7: Document number | C7: iW-ASCEJ-01-API-Reference-R1.0-REL1.0
B8: Project code | C8: iW-ASCEJ-01
B9: Document revision | C9: R1.0
B10: Package release | C10: REL1.0 (software release 1.2.5)
B11: Package | C11: iW-ASCEJ-01-DF-R1.0-REL1.0
B12: Target device | C12: AMD/Xilinx Zynq UltraScale+ RFSoC xczu47dr-ffvg1517-2-i
B13: Host | C13: x86-64 Linux, Qt 5.15 (Qt 6 supported), iwfg QDMA driver
B14: Date | C14: 05 Oct 2026
B15: Classification | C15: Company confidential - for project use
B16: APIs catalogued | C16: =SUM(Summary!C6:C17) -> 1737
B17: Calculations (live formulas) | C17: =COUNTIF(Calculations!G:G,"Formula") -> 92
B18: Editable inputs | C18: =COUNTIF(Calculations!G:G,"Input") -> 62
B20: Document control
B21: Prepared by
B22: Reviewed by
B23: Approved by
B24: Yellow cells are for the signatories to fill in.
B26: How to use this workbook
B27: • | C27: Contents lists every sheet with a hyperlink and its live row count.
B28: • | C28: Each API sheet has one row per function, method, macro, register, ioctl, struct, constant or GUI signal/slot, with the source file and line in the delivered package (Pkg column: SC = Source Code folder, FF = Firmware Files folder).
B29: • | C29: Use the filter arrows in the header row to search by sub-category, kind or file. Panes are frozen on the header and the API name.
B30: • | C30: Calculations holds every derived number (data rates, capture budget, H2C chunk ladder, register encodings, DAC packing, FFT/ENBW, link budget) as live formulas. Edit the blue-on-yellow inputs to plan a configuration.
B31: • | C31: System Data Path walks the transmit, receive and control chains stage by stage with the APIs involved.
B32: • | C32: Test Coverage maps each automated test to the APIs it exercises and its recorded result in this release.

Sheet Contents
A1: Contents
A2: Click a sheet name to open it. Row counts are live formulas.
A4: # | B4: Sheet | C4: What it contains | D4: Rows
A5: 1 | B5: Summary | C5: Entry counts per sheet, sub-category and kind (live COUNTIF formulas).
A6: 2 | B6: Package Structure | C6: The iW-ASCEJ-01 delivery folder tree: DF > HF, FF, SF > BN, SC, UM, AT, TS - what each folder holds.
A7: 3 | B7: System Data Path | C7: Transmit (host > H2C > DAC), receive (ADC > C2H > GUI) and control (GUI > PCIe mailbox > firmware) chains, stage by stage.
A8: 4 | B8: Calculations | C8: Live engineering calculator: converter rates, register encodings, capture budget, H2C ladder, DAC packing, FFT/ENBW, recording guard, PCIe link, simulator.
A9: 5 | B9: Calc Tables | C9: Window ENBW / coherent-gain table and the H2C chunk step-down ladder (live formulas).
A10: 6 | B10: Math DSP | C10: Every mathematical routine, constant and derived quantity in the host GUI: FFT, windows, spectral metrics (SINAD/SNR/THD/SFDR/ENOB), EVM, DDC/NCO, waveform generation, DAC packing, sample codecs, rate/bandwidth, display scaling, GPU kernels, simulation model, validation. | D10: =COUNTA('Math DSP'!A5:A5000) -> 238
A11: 7 | B11: GUI Qt | C11: Qt widgets, windows, dialogs, plots and their signals/slots: MainWindow, ControlWindow3D (H2C/RFDC window), SourcePanel, plots, dialogs, theme. | D11: =COUNTA('GUI Qt'!A5:A5000) -> 197
A12: 8 | B12: App Core | C12: Application core (non-visual) classes: entry point, BackendLauncher, RfdcControl, IqGenerator, DspEngine, sources, recorder, guards, probes, types. | D12: =COUNTA('App Core'!A5:A5000) -> 303
A13: 9 | B13: Platform Libs | C13: External platform and library APIs the GUI calls: Qt Core/GUI/Widgets, POSIX, Linux tools, CUDA, RDMA/RoCEv2, C/C++ runtime. | D13: =COUNTA('Platform Libs'!A5:A5000) -> 43
A14: 10 | B14: QDMA Driver | C14: iwfg Linux kernel driver (QDMA): ioctls, UAPI structs, file operations, H2C/C2H paths, rings, doorbells, interrupts, DMA-BUF, overflow recovery, QDMA context programming. | D14: =COUNTA('QDMA Driver'!A5:A5000) -> 314
A15: 11 | B15: QDMA Registers | C15: QDMA register map, descriptor formats and PL user registers used by the driver. | D15: =COUNTA('QDMA Registers'!A5:A5000) -> 133
A16: 12 | B16: QDMA Helpers | C16: User-space DMA helpers launched by the GUI: c2h_stream (fifo_pipe.c, capture) and iwfg_h2c (transmit ping-pong / replay / watchdog). | D16: =COUNTA('QDMA Helpers'!A5:A5000) -> 101
A17: 13 | B17: QDMA Host | C17: How the GUI drives QDMA: BackendLauncher (helper lifecycle, ordered stop, reset, step-down, restart) and DmaSource (FIFO reader). | D17: =COUNTA('QDMA Host'!A5:A5000) -> 92
A18: 14 | B18: Firmware | C18: Bare-metal A53 firmware (ZU47DR): init sequence, clocking (LMK04828/LMX2594), RFDC control, calibration, DSA/VOP, Nyquist, MTS, DDS, AXIS routing, DAC source switch, UART menu. | D18: =COUNTA(Firmware!A5:A5000) -> 90
A19: 15 | B19: PCIe Control | C19: PCIe register mailbox (ABI 4): ring_register / RFDC_configuration layout, events, readbacks, error codes, capabilities, defaults, unit conversions, firmware handler. | D19: =COUNTA('PCIe Control'!A5:A5000) -> 103
A20: 16 | B20: Xilinx BSP | C20: Xilinx standalone BSP / driver APIs the firmware calls: XRFdc, XGpio, XAxisScr, calibration, MTS, NCO, DSA/VOP, register access, timing. | D20: =COUNTA('Xilinx BSP'!A5:A5000) -> 59
A21: 17 | B21: Host CLI Client | C21: Host-side control clients of the PCIe mailbox: rfdc_ctl CLI with pcie_access, and the GUI's RfdcControl client. | D21: =COUNTA('Host CLI Client'!A5:A5000) -> 64
A22: 18 | B22: Test Coverage | C22: Automated test suites, the APIs they exercise and their results in REL1.0.
A23: 19 | B23: Glossary | C23: Abbreviations and terms.
A24: 20 | B24: Revision History | C24: Document and package revision record.
C25: Total API entries | D25: =SUM(D5:D24) -> 1737

Sheet Summary
A1: Summary
A2: Counts recalculate from the API sheets (COUNTIF on the Sub-category / Kind columns).
A5: Sheet | B5: Scope | C5: Entries | D5: Share | E5: Sub-categories | F5: Source folders
A6: Math DSP | B6: Every mathematical routine, constant and derived quantity in the host GUI: FFT, windows, spectral metrics (SINAD/SNR/THD/SFDR/ENOB), EVM, DDC/NCO, waveform gene... | C6: =COUNTA('Math DSP'!A5:A5000) -> 238 | D6: =IF($C$18=0,0,C6/$C$18) -> 0.13701785 | E6: 17 | F6: SC
A7: GUI Qt | B7: Qt widgets, windows, dialogs, plots and their signals/slots: MainWindow, ControlWindow3D (H2C/RFDC window), SourcePanel, plots, dialogs, theme. | C7: =COUNTA('GUI Qt'!A5:A5000) -> 197 | D7: =IF($C$18=0,0,C7/$C$18) -> 0.11341393 | E7: 20 | F7: SC
A8: App Core | B8: Application core (non-visual) classes: entry point, BackendLauncher, RfdcControl, IqGenerator, DspEngine, sources, recorder, guards, probes, types. | C8: =COUNTA('App Core'!A5:A5000) -> 303 | D8: =IF($C$18=0,0,C8/$C$18) -> 0.17443869 | E8: 25 | F8: SC
A9: Platform Libs | B9: External platform and library APIs the GUI calls: Qt Core/GUI/Widgets, POSIX, Linux tools, CUDA, RDMA/RoCEv2, C/C++ runtime. | C9: =COUNTA('Platform Libs'!A5:A5000) -> 43 | D9: =IF($C$18=0,0,C9/$C$18) -> 0.024755325 | E9: 8 | F9: SC
A10: QDMA Driver | B10: iwfg Linux kernel driver (QDMA): ioctls, UAPI structs, file operations, H2C/C2H paths, rings, doorbells, interrupts, DMA-BUF, overflow recovery, QDMA context pr... | C10: =COUNTA('QDMA Driver'!A5:A5000) -> 314 | D10: =IF($C$18=0,0,C10/$C$18) -> 0.18077145 | E10: 18 | F10: SC
A11: QDMA Registers | B11: QDMA register map, descriptor formats and PL user registers used by the driver. | C11: =COUNTA('QDMA Registers'!A5:A5000) -> 133 | D11: =IF($C$18=0,0,C11/$C$18) -> 0.076568797 | E11: 3 | F11: SC
A12: QDMA Helpers | B12: User-space DMA helpers launched by the GUI: c2h_stream (fifo_pipe.c, capture) and iwfg_h2c (transmit ping-pong / replay / watchdog). | C12: =COUNTA('QDMA Helpers'!A5:A5000) -> 101 | D12: =IF($C$18=0,0,C12/$C$18) -> 0.058146229 | E12: 2 | F12: SC
A13: QDMA Host | B13: How the GUI drives QDMA: BackendLauncher (helper lifecycle, ordered stop, reset, step-down, restart) and DmaSource (FIFO reader). | C13: =COUNTA('QDMA Host'!A5:A5000) -> 92 | D13: =IF($C$18=0,0,C13/$C$18) -> 0.052964882 | E13: 2 | F13: SC
A14: Firmware | B14: Bare-metal A53 firmware (ZU47DR): init sequence, clocking (LMK04828/LMX2594), RFDC control, calibration, DSA/VOP, Nyquist, MTS, DDS, AXIS routing, DAC source sw... | C14: =COUNTA(Firmware!A5:A5000) -> 90 | D14: =IF($C$18=0,0,C14/$C$18) -> 0.051813472 | E14: 13 | F14: FF
A15: PCIe Control | B15: PCIe register mailbox (ABI 4): ring_register / RFDC_configuration layout, events, readbacks, error codes, capabilities, defaults, unit conversions, firmware han... | C15: =COUNTA('PCIe Control'!A5:A5000) -> 103 | D15: =IF($C$18=0,0,C15/$C$18) -> 0.05929764 | E15: 9 | F15: FF
A16: Xilinx BSP | B16: Xilinx standalone BSP / driver APIs the firmware calls: XRFdc, XGpio, XAxisScr, calibration, MTS, NCO, DSA/VOP, register access, timing. | C16: =COUNTA('Xilinx BSP'!A5:A5000) -> 59 | D16: =IF($C$18=0,0,C16/$C$18) -> 0.033966609 | E16: 11 | F16: FF
A17: Host CLI Client | B17: Host-side control clients of the PCIe mailbox: rfdc_ctl CLI with pcie_access, and the GUI's RfdcControl client. | C17: =COUNTA('Host CLI Client'!A5:A5000) -> 64 | D17: =IF($C$18=0,0,C17/$C$18) -> 0.036845135 | E17: 3 | F17: SC
A18: Total | C18: =SUM(C6:C17) -> 1737 | D18: =SUM(D6:D17) -> 1 | E18: =SUM(E6:E17) -> 131
A21: Entries by sheet and sub-category
A22: Sheet | B22: Sub-category | C22: Entries | D22: Share of sheet
A23: Math DSP | B23: DAC packing | C23: =COUNTIF('Math DSP'!$C$5:$C$242,B23) -> 5 | D23: =IF(COUNTA('Math DSP'!$A$5:$A$242)=0,0,C23/COUNTA('Math DSP'!$A$5:$A$242)) -> 0.021008403
A24: Math DSP | B24: DDC / NCO | C24: =COUNTIF('Math DSP'!$C$5:$C$242,B24) -> 3 | D24: =IF(COUNTA('Math DSP'!$A$5:$A$242)=0,0,C24/COUNTA('Math DSP'!$A$5:$A$242)) -> 0.012605042
A25: Math DSP | B25: Display scaling | C25: =COUNTIF('Math DSP'!$C$5:$C$242,B25) -> 37 | D25: =IF(COUNTA('Math DSP'!$A$5:$A$242)=0,0,C25/COUNTA('Math DSP'!$A$5:$A$242)) -> 0.15546218
A26: Math DSP | B26: FFT | C26: =COUNTIF('Math DSP'!$C$5:$C$242,B26) -> 4 | D26: =IF(COUNTA('Math DSP'!$A$5:$A$242)=0,0,C26/COUNTA('Math DSP'!$A$5:$A$242)) -> 0.016806723
A27: Math DSP | B27: GPU | C27: =COUNTIF('Math DSP'!$C$5:$C$242,B27) -> 16 | D27: =IF(COUNTA('Math DSP'!$A$5:$A$242)=0,0,C27/COUNTA('Math DSP'!$A$5:$A$242)) -> 0.067226891
A28: Math DSP | B28: Loopback verification | C28: =COUNTIF('Math DSP'!$C$5:$C$242,B28) -> 10 | D28: =IF(COUNTA('Math DSP'!$A$5:$A$242)=0,0,C28/COUNTA('Math DSP'!$A$5:$A$242)) -> 0.042016807
A29: Math DSP | B29: Modulation / EVM | C29: =COUNTIF('Math DSP'!$C$5:$C$242,B29) -> 16 | D29: =IF(COUNTA('Math DSP'!$A$5:$A$242)=0,0,C29/COUNTA('Math DSP'!$A$5:$A$242)) -> 0.067226891
A30: Math DSP | B30: Rate & bandwidth | C30: =COUNTIF('Math DSP'!$C$5:$C$242,B30) -> 44 | D30: =IF(COUNTA('Math DSP'!$A$5:$A$242)=0,0,C30/COUNTA('Math DSP'!$A$5:$A$242)) -> 0.18487395
A31: Math DSP | B31: Sample codec | C31: =COUNTIF('Math DSP'!$C$5:$C$242,B31) -> 8 | D31: =IF(COUNTA('Math DSP'!$A$5:$A$242)=0,0,C31/COUNTA('Math DSP'!$A$5:$A$242)) -> 0.033613445
A32: Math DSP | B32: Simulation model | C32: =COUNTIF('Math DSP'!$C$5:$C$242,B32) -> 16 | D32: =IF(COUNTA('Math DSP'!$A$5:$A$242)=0,0,C32/COUNTA('Math DSP'!$A$5:$A$242)) -> 0.067226891
A33: Math DSP | B33: Spectral averaging | C33: =COUNTIF('Math DSP'!$C$5:$C$242,B33) -> 5 | D33: =IF(COUNTA('Math DSP'!$A$5:$A$242)=0,0,C33/COUNTA('Math DSP'!$A$5:$A$242)) -> 0.021008403
A34: Math DSP | B34: Spectral metrics | C34: =COUNTIF('Math DSP'!$C$5:$C$242,B34) -> 24 | D34: =IF(COUNTA('Math DSP'!$A$5:$A$242)=0,0,C34/COUNTA('Math DSP'!$A$5:$A$242)) -> 0.10084034
... A39: Math DSP | B39: Windowing | C39: =COUNTIF('Math DSP'!$C$5:$C$242,B39) -> 12 | D39: =IF(COUNTA('Math DSP'!$A$5:$A$242)=0,0,C39/COUNTA('Math DSP'!$A$5:$A$242)) -> 0.050420168
A40: GUI Qt | B40: BackendModeDialog | C40: =COUNTIF('GUI Qt'!$C$5:$C$201,B40) -> 3 | D40: =IF(COUNTA('GUI Qt'!$A$5:$A$201)=0,0,C40/COUNTA('GUI Qt'!$A$5:$A$201)) -> 0.015228426
A41: GUI Qt | B41: ChannelDialog | C41: =COUNTIF('GUI Qt'!$C$5:$C$201,B41) -> 5 | D41: =IF(COUNTA('GUI Qt'!$A$5:$A$201)=0,0,C41/COUNTA('GUI Qt'!$A$5:$A$201)) -> 0.025380711
A42: GUI Qt | B42: ColorMap | C42: =COUNTIF('GUI Qt'!$C$5:$C$201,B42) -> 5 | D42: =IF(COUNTA('GUI Qt'!$A$5:$A$201)=0,0,C42/COUNTA('GUI Qt'!$A$5:$A$201)) -> 0.025380711
A43: GUI Qt | B43: ConfigDialog | C43: =COUNTIF('GUI Qt'!$C$5:$C$201,B43) -> 10 | D43: =IF(COUNTA('GUI Qt'!$A$5:$A$201)=0,0,C43/COUNTA('GUI Qt'!$A$5:$A$201)) -> 0.050761421
A44: GUI Qt | B44: ConstellationPlot | C44: =COUNTIF('GUI Qt'!$C$5:$C$201,B44) -> 4 | D44: =IF(COUNTA('GUI Qt'!$A$5:$A$201)=0,0,C44/COUNTA('GUI Qt'!$A$5:$A$201)) -> 0.020304569
A45: GUI Qt | B45: ControlWindow3D | C45: =COUNTIF('GUI Qt'!$C$5:$C$201,B45) -> 56 | D45: =IF(COUNTA('GUI Qt'!$A$5:$A$201)=0,0,C45/COUNTA('GUI Qt'!$A$5:$A$201)) -> 0.28426396
A46: GUI Qt | B46: DisplayPanel | C46: =COUNTIF('GUI Qt'!$C$5:$C$201,B46) -> 6 | D46: =IF(COUNTA('GUI Qt'!$A$5:$A$201)=0,0,C46/COUNTA('GUI Qt'!$A$5:$A$201)) -> 0.030456853
A47: GUI Qt | B47: InstrumentPlot | C47: =COUNTIF('GUI Qt'!$C$5:$C$201,B47) -> 5 | D47: =IF(COUNTA('GUI Qt'!$A$5:$A$201)=0,0,C47/COUNTA('GUI Qt'!$A$5:$A$201)) -> 0.025380711
A48: GUI Qt | B48: MainWindow | C48: =COUNTIF('GUI Qt'!$C$5:$C$201,B48) -> 36 | D48: =IF(COUNTA('GUI Qt'!$A$5:$A$201)=0,0,C48/COUNTA('GUI Qt'!$A$5:$A$201)) -> 0.18274112
A49: GUI Qt | B49: MeasurementPanel | C49: =COUNTIF('GUI Qt'!$C$5:$C$201,B49) -> 4 | D49: =IF(COUNTA('GUI Qt'!$A$5:$A$201)=0,0,C49/COUNTA('GUI Qt'!$A$5:$A$201)) -> 0.020304569
A50: GUI Qt | B50: PcieDiscoveryDialog | C50: =COUNTIF('GUI Qt'!$C$5:$C$201,B50) -> 6 | D50: =IF(COUNTA('GUI Qt'!$A$5:$A$201)=0,0,C50/COUNTA('GUI Qt'!$A$5:$A$201)) -> 0.030456853
A51: GUI Qt | B51: PlotBase | C51: =COUNTIF('GUI Qt'!$C$5:$C$201,B51) -> 11 | D51: =IF(COUNTA('GUI Qt'!$A$5:$A$201)=0,0,C51/COUNTA('GUI Qt'!$A$5:$A$201)) -> 0.055837563
... A59: GUI Qt | B59: WaterfallPlot | C59: =COUNTIF('GUI Qt'!$C$5:$C$201,B59) -> 4 | D59: =IF(COUNTA('GUI Qt'!$A$5:$A$201)=0,0,C59/COUNTA('GUI Qt'!$A$5:$A$201)) -> 0.020304569
A60: App Core | B60: BackendLauncher | C60: =COUNTIF('App Core'!$C$5:$C$307,B60) -> 56 | D60: =IF(COUNTA('App Core'!$A$5:$A$307)=0,0,C60/COUNTA('App Core'!$A$5:$A$307)) -> 0.18481848
A61: App Core | B61: CaptureBudget | C61: =COUNTIF('App Core'!$C$5:$C$307,B61) -> 5 | D61: =IF(COUNTA('App Core'!$A$5:$A$307)=0,0,C61/COUNTA('App Core'!$A$5:$A$307)) -> 0.01650165
A62: App Core | B62: ConfigValidator | C62: =COUNTIF('App Core'!$C$5:$C$307,B62) -> 4 | D62: =IF(COUNTA('App Core'!$A$5:$A$307)=0,0,C62/COUNTA('App Core'!$A$5:$A$307)) -> 0.01320132
A63: App Core | B63: DmaSource | C63: =COUNTIF('App Core'!$C$5:$C$307,B63) -> 7 | D63: =IF(COUNTA('App Core'!$A$5:$A$307)=0,0,C63/COUNTA('App Core'!$A$5:$A$307)) -> 0.02310231
A64: App Core | B64: DriverManager | C64: =COUNTIF('App Core'!$C$5:$C$307,B64) -> 10 | D64: =IF(COUNTA('App Core'!$A$5:$A$307)=0,0,C64/COUNTA('App Core'!$A$5:$A$307)) -> 0.0330033
A65: App Core | B65: DspEngine | C65: =COUNTIF('App Core'!$C$5:$C$307,B65) -> 13 | D65: =IF(COUNTA('App Core'!$A$5:$A$307)=0,0,C65/COUNTA('App Core'!$A$5:$A$307)) -> 0.04290429
A66: App Core | B66: FileSource | C66: =COUNTIF('App Core'!$C$5:$C$307,B66) -> 7 | D66: =IF(COUNTA('App Core'!$A$5:$A$307)=0,0,C66/COUNTA('App Core'!$A$5:$A$307)) -> 0.02310231
A67: App Core | B67: GpuFft | C67: =COUNTIF('App Core'!$C$5:$C$307,B67) -> 4 | D67: =IF(COUNTA('App Core'!$A$5:$A$307)=0,0,C67/COUNTA('App Core'!$A$5:$A$307)) -> 0.01320132
A68: App Core | B68: GpuNetProbe | C68: =COUNTIF('App Core'!$C$5:$C$307,B68) -> 7 | D68: =IF(COUNTA('App Core'!$A$5:$A$307)=0,0,C68/COUNTA('App Core'!$A$5:$A$307)) -> 0.02310231
A69: App Core | B69: H2cControl | C69: =COUNTIF('App Core'!$C$5:$C$307,B69) -> 11 | D69: =IF(COUNTA('App Core'!$A$5:$A$307)=0,0,C69/COUNTA('App Core'!$A$5:$A$307)) -> 0.03630363
A70: App Core | B70: HardwareDb | C70: =COUNTIF('App Core'!$C$5:$C$307,B70) -> 6 | D70: =IF(COUNTA('App Core'!$A$5:$A$307)=0,0,C70/COUNTA('App Core'!$A$5:$A$307)) -> 0.01980198
A71: App Core | B71: ISignalSource | C71: =COUNTIF('App Core'!$C$5:$C$307,B71) -> 18 | D71: =IF(COUNTA('App Core'!$A$5:$A$307)=0,0,C71/COUNTA('App Core'!$A$5:$A$307)) -> 0.059405941
... A84: App Core | B84: main.cpp | C84: =COUNTIF('App Core'!$C$5:$C$307,B84) -> 8 | D84: =IF(COUNTA('App Core'!$A$5:$A$307)=0,0,C84/COUNTA('App Core'!$A$5:$A$307)) -> 0.02640264
A85: Platform Libs | B85: C/C++ runtime | C85: =COUNTIF('Platform Libs'!$C$5:$C$47,B85) -> 1 | D85: =IF(COUNTA('Platform Libs'!$A$5:$A$47)=0,0,C85/COUNTA('Platform Libs'!$A$5:$A$47)) -> 0.023255814
A86: Platform Libs | B86: CUDA | C86: =COUNTIF('Platform Libs'!$C$5:$C$47,B86) -> 2 | D86: =IF(COUNTA('Platform Libs'!$A$5:$A$47)=0,0,C86/COUNTA('Platform Libs'!$A$5:$A$47)) -> 0.046511628
A87: Platform Libs | B87: Linux tools | C87: =COUNTIF('Platform Libs'!$C$5:$C$47,B87) -> 4 | D87: =IF(COUNTA('Platform Libs'!$A$5:$A$47)=0,0,C87/COUNTA('Platform Libs'!$A$5:$A$47)) -> 0.093023256
A88: Platform Libs | B88: POSIX | C88: =COUNTIF('Platform Libs'!$C$5:$C$47,B88) -> 13 | D88: =IF(COUNTA('Platform Libs'!$A$5:$A$47)=0,0,C88/COUNTA('Platform Libs'!$A$5:$A$47)) -> 0.30232558
A89: Platform Libs | B89: Qt Core | C89: =COUNTIF('Platform Libs'!$C$5:$C$47,B89) -> 13 | D89: =IF(COUNTA('Platform Libs'!$A$5:$A$47)=0,0,C89/COUNTA('Platform Libs'!$A$5:$A$47)) -> 0.30232558
A90: Platform Libs | B90: Qt GUI | C90: =COUNTIF('Platform Libs'!$C$5:$C$47,B90) -> 4 | D90: =IF(COUNTA('Platform Libs'!$A$5:$A$47)=0,0,C90/COUNTA('Platform Libs'!$A$5:$A$47)) -> 0.093023256
A91: Platform Libs | B91: Qt Widgets | C91: =COUNTIF('Platform Libs'!$C$5:$C$47,B91) -> 5 | D91: =IF(COUNTA('Platform Libs'!$A$5:$A$47)=0,0,C91/COUNTA('Platform Libs'!$A$5:$A$47)) -> 0.11627907
A92: Platform Libs | B92: RDMA / RoCEv2 | C92: =COUNTIF('Platform Libs'!$C$5:$C$47,B92) -> 1 | D92: =IF(COUNTA('Platform Libs'!$A$5:$A$47)=0,0,C92/COUNTA('Platform Libs'!$A$5:$A$47)) -> 0.023255814
A93: QDMA Driver | B93: Buffer management | C93: =COUNTIF('QDMA Driver'!$C$5:$C$318,B93) -> 8 | D93: =IF(COUNTA('QDMA Driver'!$A$5:$A$318)=0,0,C93/COUNTA('QDMA Driver'!$A$5:$A$318)) -> 0.025477707
A94: QDMA Driver | B94: C2H path | C94: =COUNTIF('QDMA Driver'!$C$5:$C$318,B94) -> 20 | D94: =IF(COUNTA('QDMA Driver'!$A$5:$A$318)=0,0,C94/COUNTA('QDMA Driver'!$A$5:$A$318)) -> 0.063694268
A95: QDMA Driver | B95: DMA-BUF | C95: =COUNTIF('QDMA Driver'!$C$5:$C$318,B95) -> 17 | D95: =IF(COUNTA('QDMA Driver'!$A$5:$A$318)=0,0,C95/COUNTA('QDMA Driver'!$A$5:$A$318)) -> 0.054140127
A96: QDMA Driver | B96: Descriptor pack/unpack | C96: =COUNTIF('QDMA Driver'!$C$5:$C$318,B96) -> 5 | D96: =IF(COUNTA('QDMA Driver'!$A$5:$A$318)=0,0,C96/COUNTA('QDMA Driver'!$A$5:$A$318)) -> 0.015923567
A97: QDMA Driver | B97: Doorbells | C97: =COUNTIF('QDMA Driver'!$C$5:$C$318,B97) -> 5 | D97: =IF(COUNTA('QDMA Driver'!$A$5:$A$318)=0,0,C97/COUNTA('QDMA Driver'!$A$5:$A$318)) -> 0.015923567
A98: QDMA Driver | B98: Driver helpers | C98: =COUNTIF('QDMA Driver'!$C$5:$C$318,B98) -> 4 | D98: =IF(COUNTA('QDMA Driver'!$A$5:$A$318)=0,0,C98/COUNTA('QDMA Driver'!$A$5:$A$318)) -> 0.012738854
A99: QDMA Driver | B99: Driver structs | C99: =COUNTIF('QDMA Driver'!$C$5:$C$318,B99) -> 55 | D99: =IF(COUNTA('QDMA Driver'!$A$5:$A$318)=0,0,C99/COUNTA('QDMA Driver'!$A$5:$A$318)) -> 0.17515924
A100: QDMA Driver | B100: File operations | C100: =COUNTIF('QDMA Driver'!$C$5:$C$318,B100) -> 20 | D100: =IF(COUNTA('QDMA Driver'!$A$5:$A$318)=0,0,C100/COUNTA('QDMA Driver'!$A$5:$A$318)) -> 0.063694268
A101: QDMA Driver | B101: H2C path | C101: =COUNTIF('QDMA Driver'!$C$5:$C$318,B101) -> 16 | D101: =IF(COUNTA('QDMA Driver'!$A$5:$A$318)=0,0,C101/COUNTA('QDMA Driver'!$A$5:$A$318)) -> 0.050955414
A102: QDMA Driver | B102: Hardware init | C102: =COUNTIF('QDMA Driver'!$C$5:$C$318,B102) -> 26 | D102: =IF(COUNTA('QDMA Driver'!$A$5:$A$318)=0,0,C102/COUNTA('QDMA Driver'!$A$5:$A$318)) -> 0.082802548
A103: QDMA Driver | B103: IOCTL | C103: =COUNTIF('QDMA Driver'!$C$5:$C$318,B103) -> 18 | D103: =IF(COUNTA('QDMA Driver'!$A$5:$A$318)=0,0,C103/COUNTA('QDMA Driver'!$A$5:$A$318)) -> 0.057324841
A104: QDMA Driver | B104: IOCTL handler | C104: =COUNTIF('QDMA Driver'!$C$5:$C$318,B104) -> 3 | D104: =IF(COUNTA('QDMA Driver'!$A$5:$A$318)=0,0,C104/COUNTA('QDMA Driver'!$A$5:$A$318)) -> 0.0095541401
... A110: QDMA Driver | B110: UAPI struct | C110: =COUNTIF('QDMA Driver'!$C$5:$C$318,B110) -> 39 | D110: =IF(COUNTA('QDMA Driver'!$A$5:$A$318)=0,0,C110/COUNTA('QDMA Driver'!$A$5:$A$318)) -> 0.12420382
A111: QDMA Registers | B111: Descriptor format | C111: =COUNTIF('QDMA Registers'!$C$5:$C$137,B111) -> 32 | D111: =IF(COUNTA('QDMA Registers'!$A$5:$A$137)=0,0,C111/COUNTA('QDMA Registers'!$A$5:$A$137)) -> 0.2406015
A112: QDMA Registers | B112: PL user registers | C112: =COUNTIF('QDMA Registers'!$C$5:$C$137,B112) -> 40 | D112: =IF(COUNTA('QDMA Registers'!$A$5:$A$137)=0,0,C112/COUNTA('QDMA Registers'!$A$5:$A$137)) -> 0.30075188
A113: QDMA Registers | B113: QDMA registers | C113: =COUNTIF('QDMA Registers'!$C$5:$C$137,B113) -> 61 | D113: =IF(COUNTA('QDMA Registers'!$A$5:$A$137)=0,0,C113/COUNTA('QDMA Registers'!$A$5:$A$137)) -> 0.45864662
A114: QDMA Helpers | B114: c2h_stream | C114: =COUNTIF('QDMA Helpers'!$C$5:$C$105,B114) -> 34 | D114: =IF(COUNTA('QDMA Helpers'!$A$5:$A$105)=0,0,C114/COUNTA('QDMA Helpers'!$A$5:$A$105)) -> 0.33663366
A115: QDMA Helpers | B115: iwfg_h2c | C115: =COUNTIF('QDMA Helpers'!$C$5:$C$105,B115) -> 67 | D115: =IF(COUNTA('QDMA Helpers'!$A$5:$A$105)=0,0,C115/COUNTA('QDMA Helpers'!$A$5:$A$105)) -> 0.66336634
A116: QDMA Host | B116: BackendLauncher | C116: =COUNTIF('QDMA Host'!$C$5:$C$96,B116) -> 74 | D116: =IF(COUNTA('QDMA Host'!$A$5:$A$96)=0,0,C116/COUNTA('QDMA Host'!$A$5:$A$96)) -> 0.80434783
A117: QDMA Host | B117: DmaSource | C117: =COUNTIF('QDMA Host'!$C$5:$C$96,B117) -> 18 | D117: =IF(COUNTA('QDMA Host'!$A$5:$A$96)=0,0,C117/COUNTA('QDMA Host'!$A$5:$A$96)) -> 0.19565217
A118: Firmware | B118: AXIS routing | C118: =COUNTIF(Firmware!$C$5:$C$94,B118) -> 4 | D118: =IF(COUNTA(Firmware!$A$5:$A$94)=0,0,C118/COUNTA(Firmware!$A$5:$A$94)) -> 0.044444444
A119: Firmware | B119: Calibration | C119: =COUNTIF(Firmware!$C$5:$C$94,B119) -> 7 | D119: =IF(COUNTA(Firmware!$A$5:$A$94)=0,0,C119/COUNTA(Firmware!$A$5:$A$94)) -> 0.077777778
A120: Firmware | B120: Clocking | C120: =COUNTIF(Firmware!$C$5:$C$94,B120) -> 12 | D120: =IF(COUNTA(Firmware!$A$5:$A$94)=0,0,C120/COUNTA(Firmware!$A$5:$A$94)) -> 0.13333333
A121: Firmware | B121: DAC source switch | C121: =COUNTIF(Firmware!$C$5:$C$94,B121) -> 5 | D121: =IF(COUNTA(Firmware!$A$5:$A$94)=0,0,C121/COUNTA(Firmware!$A$5:$A$94)) -> 0.055555556
A122: Firmware | B122: DDS | C122: =COUNTIF(Firmware!$C$5:$C$94,B122) -> 4 | D122: =IF(COUNTA(Firmware!$A$5:$A$94)=0,0,C122/COUNTA(Firmware!$A$5:$A$94)) -> 0.044444444
A123: Firmware | B123: DSA / VOP | C123: =COUNTIF(Firmware!$C$5:$C$94,B123) -> 2 | D123: =IF(COUNTA(Firmware!$A$5:$A$94)=0,0,C123/COUNTA(Firmware!$A$5:$A$94)) -> 0.022222222
A124: Firmware | B124: Init sequence | C124: =COUNTIF(Firmware!$C$5:$C$94,B124) -> 9 | D124: =IF(COUNTA(Firmware!$A$5:$A$94)=0,0,C124/COUNTA(Firmware!$A$5:$A$94)) -> 0.1
A125: Firmware | B125: MTS | C125: =COUNTIF(Firmware!$C$5:$C$94,B125) -> 4 | D125: =IF(COUNTA(Firmware!$A$5:$A$94)=0,0,C125/COUNTA(Firmware!$A$5:$A$94)) -> 0.044444444
A126: Firmware | B126: NCO / mixer | C126: =COUNTIF(Firmware!$C$5:$C$94,B126) -> 1 | D126: =IF(COUNTA(Firmware!$A$5:$A$94)=0,0,C126/COUNTA(Firmware!$A$5:$A$94)) -> 0.011111111
A127: Firmware | B127: Nyquist zone | C127: =COUNTIF(Firmware!$C$5:$C$94,B127) -> 4 | D127: =IF(COUNTA(Firmware!$A$5:$A$94)=0,0,C127/COUNTA(Firmware!$A$5:$A$94)) -> 0.044444444
A128: Firmware | B128: Platform IDs | C128: =COUNTIF(Firmware!$C$5:$C$94,B128) -> 8 | D128: =IF(COUNTA(Firmware!$A$5:$A$94)=0,0,C128/COUNTA(Firmware!$A$5:$A$94)) -> 0.088888889
A129: Firmware | B129: RF data converter | C129: =COUNTIF(Firmware!$C$5:$C$94,B129) -> 10 | D129: =IF(COUNTA(Firmware!$A$5:$A$94)=0,0,C129/COUNTA(Firmware!$A$5:$A$94)) -> 0.11111111
A130: Firmware | B130: UART menu | C130: =COUNTIF(Firmware!$C$5:$C$94,B130) -> 20 | D130: =IF(COUNTA(Firmware!$A$5:$A$94)=0,0,C130/COUNTA(Firmware!$A$5:$A$94)) -> 0.22222222
A131: PCIe Control | B131: Capability | C131: =COUNTIF('PCIe Control'!$C$5:$C$107,B131) -> 10 | D131: =IF(COUNTA('PCIe Control'!$A$5:$A$107)=0,0,C131/COUNTA('PCIe Control'!$A$5:$A$107)) -> 0.097087379
A132: PCIe Control | B132: DAC source switch | C132: =COUNTIF('PCIe Control'!$C$5:$C$107,B132) -> 3 | D132: =IF(COUNTA('PCIe Control'!$A$5:$A$107)=0,0,C132/COUNTA('PCIe Control'!$A$5:$A$107)) -> 0.029126214
...

Sheet Package Structure
A1: Package Structure
A2: Folder naming: iW-ASCEJ-01-<code>-R1.0-REL1.0 (R1.0 = document/folder revision, REL1.0 = package release). REL1.0 carries software 1.2.5.
A4: Code | B4: Level | C4: Folder name | D4: Meaning | E4: Contents
A5: DF | B5: 0 | C5: iW-ASCEJ-01-DF-R1.0-REL1.0 | D5: Deliverable Folder - package root | E5: README.md (folder legend, quick start), iW-ASCEJ-01-ReleaseNotes-R1.0-REL1.0 (.md/.pdf), this API workbook, VERSION, MANIFEST.sha256
A6: HF | B6: 1 | C6: iW-ASCEJ-01-HF-R1.0-REL1.0 | D6: Hardware Files | E6: 01_PS_Configuration: psu_init.c / psu_init.html (Zynq MPSoC PS config: clocks, DDR4, MIO, GT lanes). 02_Vitis_Platform: export.json (zu47dr_plat / standalone_domain). 03_PL_Design: list of PL files to be supplied (XSA, bitstream, hwh). Hardware Interface Summary (.md/.pdf).
A7: FF | B7: 1 | C7: iW-ASCEJ-01-FF-R1.0-REL1.0 | D7: Firmware Files | E7: 01_Source: 37 bare-metal C sources/headers (main.c, pcie_cfg.c, pcie_regs.h, rfdc_*.c, adc*.c, cli.c, dac_waves.c ...). 02_Boot: boot.bif, make_boot.sh, boot_probe.tcl, jtag_boot_test.tcl, linker fragment. 03_Documentation: boot/flash/porting/RFDC guides, register header reference. 04_Binaries: where BOOT.BIN / ELF go after the Vitis build.
A8: SF | B8: 1 | C8: iW-ASCEJ-01-SF-R1.0-REL1.0 | D8: Software Files | E8: Host software, split into the five folders below.
A9: BN | B9: 2 | C9: iW-ASCEJ-01-BN-R1.0-REL1.0 | D9: Binaries | E9: 01_Host_x86-64: sdr_workstation (GUI) and rfdc_ctl (CLI), prebuilt on Ubuntu 24.04 (glibc >= 2.38), with SHA-256 sums. Backend helpers are built per host by the GUI build.
A10: SC | B10: 2 | C10: iW-ASCEJ-01-SC-R1.0-REL1.0 | D10: Source Code | E10: 01_sdr_workstation_GUI: Qt GUI (src/core, src/ui), backend helpers (C2H c2h_stream, H2C iwfg_h2c, UDP receiver), iwfg QDMA kernel driver (drivers/), resources, CMake. 02_host_tools: rfdc_ctl + pcie_access.
A11: UM | B11: 2 | C11: iW-ASCEJ-01-UM-R1.0-REL1.0 | D11: User Manual | E11: iW-ASCEJ-01-User-Manual-R1.0-REL1.0.pdf (installation, quick start, operation, RFDC control, transmit/receive, troubleshooting). 01_Reference_Guides: topic guides. 02_Developer_Notes: design notes, root-cause reports, changelog.
A12: AT | B12: 2 | C12: iW-ASCEJ-01-AT-R1.0-REL1.0 | D12: Acceptance Test | E12: iW-ASCEJ-01-ATP-R1.0-REL1.0.pdf (procedure), iW-ASCEJ-01-ATR-R1.0-REL1.0.xlsx (automated results + bench record sheet). 01_Logs: raw logs of every automated test in this release.
A13: TS | B13: 2 | C13: iW-ASCEJ-01-TS-R1.0-REL1.0 | D13: Test Suite | E13: 01_Host_Test_Suite: run_all.sh + firmware, pcie_emu, gui, h2c_emu suites (no board needed). 02_Scripts: verify.sh, audit_sync.sh, make_manifest.sh, inventory.sh, gpu_p2p_check.sh.
A15: Tree
C16: iW-ASCEJ-01-DF-R1.0-REL1.0/ |-- iW-ASCEJ-01-HF-R1.0-REL1.0/ Hardware Files |-- iW-ASCEJ-01-FF-R1.0-REL1.0/ Firmware Files |-- iW-ASCEJ-01-SF-R1.0-REL1.0/ Software Files | |-- iW-ASCEJ-01-BN-R1.0-REL1.0/ Binaries | |-- iW-ASCEJ-01-SC-R1.0-REL1.0/ Source Code | |-- iW-ASCEJ-01-UM-R1.0-REL1.0/ User Manual | |-- iW-ASCEJ-01-AT-R1.0-REL1.0/ Acceptance Test | `-- iW-ASCEJ-01-TS-R1.0-REL1.0/ Test Suite |-- iW-ASCEJ-01-API-Reference-R1.0-REL1.0.xlsx |-- iW-ASCEJ-01-ReleaseNotes-R1.0-REL1.0.pdf |-- README.md VERSION MANIFEST.sha256

Sheet System Data Path
A1: System Data Path
A2: Stage-by-stage view of the three chains with the APIs involved. Rates link live to the Calculations sheet (green).
A4: Chain | B4: Stage | C4: Function | D4: Where it runs | E4: APIs involved | F4: Data / rule | G4: Source
A5: TRANSMIT host > H2C > DAC
A6: TX | B6: 1 | C6: Waveform generation | D6: GUI generator | E6: IqGenerator::renderLoop / fillChunk, Waveform::shape, coherentHz | F6: Loop of N = chunk/4 I/Q pairs, coherent tone k*fs/N | G6: SC GUI src/core/IqGenerator.cpp
A7: TX | B7: 2 | C7: DAC packing | D7: GUI generator | E7: packDac (14-bit << 2), sanitiseChunkBytes | F7: int16 I + int16 Q, bits[1:0] = 0, peak 32764 | G7: SC GUI src/core/IqGenerator.cpp
A8: TX | B8: 3 | C8: FIFO to helper | D8: GUI > named pipe | E8: IqGenerator::streamUntilBroken, writeSilence | F8: Writes the loop once; GR_updates = 0/s when unchanged | G8: SC GUI src/core/IqGenerator.cpp
A9: TX | B9: 4 | C9: H2C helper | D9: iwfg_h2c | E9: ping-pong buffers, replay last chunk, watchdog | F9: One blocking DMA_DATA per chunk; replays until new data | G9: SC GUI backend/H2C/iwfg_h2c.c
A10: TX | B10: 5 | C10: Kernel H2C | D10: iwfg driver /dev/iwfg1 | E10: IWFG_IOCTL_ADD_BUF, IWFG_IOCTL_DMA_DATA, iwfg_xmit_data, iwfg_tx_roll, iwfg_wait_for_tx | F10: Descriptors (<= 256 per batch), 100 ms wait slices, 2 s timeout | G10: SC GUI drivers/iwfg_dma.c
A11: TX | B11: 6 | C11: QDMA H2C > AXIS | D11: FPGA | E11: H2C_CTRL.VID_OUT_SEL, AXIS switch S00 (host) | F11: DDS_H2C_switch: S00 = host H2C_data_in, S01 = DDS (platform_ids.h) | G11: FF 01_Source/main.c (routing)
A12: TX | B12: 7 | C12: RF-DAC | D12: RFSoC | E12: XRFdc NCO / interpolation, clk_wiz_dac 200 MHz | F12: One 32-bit I/Q word per 200 MHz clock = 762.9 MiB/s, no TREADY | G12: FF 01_Source/rfdc_*.c
A13: RECEIVE ADC > C2H > GUI
A14: RX | B14: 1 | C14: RF-ADC + DDC | D14: RFSoC | E14: XRFdc decimation, NCO, DSA, QMC | F14: fs_ADC / decimation per channel (4800/24 = 200 MSPS) | G14: FF 01_Source/rfdc_*.c
A15: RX | B15: 2 | C15: AXIS routing / PL GPIO | D15: FPGA | E15: AXIS routing 0x1237 (ch0=7 ch1=3 ch2=2 ch3=1), PL GPIO mode 1/2/3 | F15: 1, 2 or 4 channels into the C2H stream | G15: FF 01_Source/main.c
A16: RX | B16: 3 | C16: QDMA C2H | D16: iwfg driver /dev/iwfg0 | E16: iwfg_rx_poll, C2H ring (16384 entries), usr_ovf recovery | F16: Overflow > QDMA soft reset (affects H2C) - see DRIVER_OVERFLOW_RECOVERY.md | G16: SC GUI drivers/iwfg_dma.c
A17: RX | B17: 4 | C17: C2H helper | D17: c2h_stream | E17: fifo_pipe.c: 4 x 16 MiB pre-armed buffers | F17: Streams to the capture FIFO | G17: SC GUI backend/C2H/fifo_pipe.c
A18: RX | B18: 5 | C18: Host reader | D18: GUI DmaSource | E18: O_NONBLOCK open, poll, F_SETPIPE_SZ, re-attach | F18: SampleBlock to the DSP thread | G18: SC GUI src/core/Sources.cpp
A19: RX | B19: 6 | C19: DSP | D19: GUI DspEngine | E19: applyDdc, computeSpectrum, computeMetrics, computeConstellation | F19: FFT / windows / metrics / EVM | G19: SC GUI src/core/DspEngine.cpp
A20: RX | B20: 7 | C20: Display | D20: GUI plots | E20: SpectrumPlot, WaterfallPlot, TimeDomainPlot, ConstellationPlot, MeasurementPanel | F20: 30 fps max (minFrameMs 33) | G20: SC GUI src/ui/*
A21: CONTROL GUI / CLI > PCIe mailbox > firmware
A22: CTRL | B22: 1 | C22: User action | D22: GUI RFDC tab / rfdc_ctl | E22: RfdcControl::send..., rfdc_ctl commands | F22: Async (no device I/O on the GUI thread) | G22: SC GUI src/core/RfdcControl.cpp
A23: CTRL | B23: 2 | C23: Mailbox write | D23: BAR 2 | E23: RFDC_configuration (0xAC) payload, then ring_register (0xA8) with NEW_CMD | F23: ring = NEW<<31|TGT<<28|LAST<<27|TILE<<24|CH<<20|EVT | G23: SC host_tools pcie_access.c
A24: CTRL | B24: 3 | C24: Firmware poll | D24: A53 bare-metal | E24: pcie_cfg.c poll / dispatch, XRFdc_* calls | F24: Executes the event on the RFDC / GPIO / switch | G24: FF 01_Source/pcie_cfg.c
A25: CTRL | B25: 4 | C25: Acknowledge | D25: A53 > BAR 2 | E25: RING_ACK_BUILD (0x2A<<24 | err<<20 | evt) | F25: NEW_CMD cleared = ACK; status rides in the same write | G25: FF 01_Source/pcie_regs.h
A26: CTRL | B26: 5 | C26: Readback | D26: BAR 2 | E26: PCIE_RB_REQUEST (0x5242<<16 | id), PCIE_RB_* answers | F26: Still 0x5242xxxx = unanswered | G26: FF 01_Source/pcie_cfg.c
A28: Key rates (live links to Calculations)
C29: DAC demand (MiB/s) | E29: =Calculations!$C$79 -> 762.93945
C30: ADC stream rate per channel (MSPS) | E30: =Calculations!$C$10 -> 200
C31: Capture need at the requested channels (MiB/s) | E31: =Calculations!$C$61 -> 3051.7578
C32: Transmit-guard capture budget (MiB/s) | E32: =Calculations!$C$59 -> 1600
C33: Channels allowed while transmitting | E33: =Calculations!$C$65 -> 2
C34: Host tone resolution at the current chunk (Hz) | E34: =Calculations!$C$83 -> 762.93945
C35: H2C transfer efficiency | E35: =Calculations!$C$91 -> 0.99703336

Sheet Calculations
A1: Engineering Calculations (live formulas)
A2: Every number the firmware, driver and GUI derive, as live Excel formulas tied to the code that computes it. Blue on yellow = input you may edit; black = formula; green = link to another cell. Change an input and the sheet recalculates.
A3: Legend: | B3: Input (edit) | C3: Formula | D3: Link
A5: ID | B5: Parameter | C5: Value | D5: Unit | E5: Formula / rule | F5: Code reference (package folder : file : symbol) | G5: Kind
A6: 1. RF data converter rates (firmware defaults, pcie_regs.h PCIE_DEF_*)
A7: C-001 | B7: ADC sampling rate fs_ADC | C7: 4800 | D7: MSPS | E7: Input. Boot default PCIE_DEF_ADC_FS_MHZ. | F7: FF 01_Source/pcie_regs.h : PCIE_DEF_ADC_FS_MHZ | G7: Input
A8: C-002 | B8: ADC decimation factor | C8: 24 | D8: x | E8: Input. Boot default PCIE_DEF_DECIMATION. | F8: FF 01_Source/pcie_regs.h : PCIE_DEF_DECIMATION | G8: Input
A9: C-003 | B9: Decimation factor accepted by firmware? | C9: =IF(OR($C$8=4,$C$8=5,$C$8=6,$C$8=8,$C$8=10,$C$8=12,$C$8=16,$C$8=20,$C$8=24,$C$8=40),"VALID","INVALID") -> VALID | D9: - | E9: is_valid_adc_factor(): factor in {4,5,6,8,10,12,16,20,24,40} | F9: FF 01_Source/main.c : is_valid_adc_factor | G9: Formula
A10: C-004 | B10: ADC stream rate per channel | C10: =$C$7/$C$8 -> 200 | D10: MSPS | E10: fs_stream = fs_ADC / decimation | F10: FF 01_Source/pcie_cfg.c : PCIE_RB_ADC_STREAM_KHZ | G10: Formula
A11: C-005 | B11: ADC stream readback word (adc_stream_khz) | C11: =ROUND($C$7*1000/$C$8,0) -> 200000 | D11: kHz | E11: (u32)(gsps*1e6/f + 0.5) - what the GUI reads back | F11: FF 01_Source/pcie_cfg.c : PCIE_RB_ADC_STREAM_KHZ | G11: Formula
A12: C-006 | B12: DAC sampling rate fs_DAC | C12: 9600 | D12: MSPS | E12: Input. Boot default PCIE_DEF_DAC_FS_MHZ. | F12: FF 01_Source/pcie_regs.h : PCIE_DEF_DAC_FS_MHZ | G12: Input
A13: C-007 | B13: DAC interpolation factor | C13: 24 | D13: x | E13: Input. Boot default PCIE_DEF_INTERPOLATION. | F13: FF 01_Source/pcie_regs.h : PCIE_DEF_INTERPOLATION | G13: Input
A14: C-008 | B14: DAC stream clock (clk_wiz_dac) | C14: 200 | D14: MHz | E14: Input. Read back as current_dac_stream_clk_mhz; one 32-bit I/Q word per clock. | F14: FF 01_Source/pcie_cfg.c : PCIE_RB_DAC_STREAM_KHZ | G14: Input
A15: C-009 | B15: GUI display decimation | C15: 1 | D15: x | E15: Input. AcqConfig.decimation (default 1). | F15: SC GUI src/core/Types.h : AcqConfig | G15: Input
A16: C-010 | B16: GUI display interpolation | C16: 1 | D16: x | E16: Input. AcqConfig.interpolation (default 1). | F16: SC GUI src/core/Types.h : AcqConfig | G16: Input
A17: C-011 | B17: Display / analysis rate Fs | C17: =$C$10*$C$16/$C$15 -> 200 | D17: MSPS | E17: displayRateHz = sampleRateMsps*1e6*interp/decim | F17: SC GUI src/core/Types.h : AcqConfig::displayRateHz | G17: Formula
A18: C-012 | B18: NCO frequency (ADC and DAC) | C18: 3100 | D18: MHz | E18: Input. Boot default PCIE_DEF_NCO_MHZ. | F18: FF 01_Source/pcie_regs.h : PCIE_DEF_NCO_MHZ | G18: Input
A19: C-013 | B19: Nyquist zone of the NCO frequency at fs_ADC | C19: =INT($C$18/($C$7/2))+1 -> 2 | D19: zone | E19: zone = floor(f / (fs/2)) + 1 (RFSoC convention; firmware accepts 1 or 2) | F19: FF 01_Source/rfdc_nyquistzone.c | G19: Formula
A20: C-014 | B20: Nyquist zone of the NCO frequency at fs_DAC | C20: =INT($C$18/($C$12/2))+1 -> 1 | D20: zone | E20: zone = floor(f / (fs/2)) + 1 | F20: FF 01_Source/rfdc_nyquistzone.c | G20: Formula
A21: 2. PCIe control-register encodings (ring_register 0xA8 / RFDC_configuration 0xAC, BAR 2)
A22: C-015 | B22: NCO payload (EVENT 1): magnitude in kHz | C22: =ROUND(ABS($C$18)*1000,0)+IF($C$18<0,2^31,0) -> 3100000 | D22: u32 | E22: |f| in kHz, bit31 = sign. 4.5 GHz -> 0x0044AA20 (pcie_regs.h example) | F22: FF 01_Source/pcie_regs.h : EVENT 1 | G22: Formula
A23: C-016 | B23: NCO payload, hex | C23: =DEC2HEX($C$22,8) -> 002F4D60 | D23: hex | E23: Display only | G23: Formula
A24: C-017 | B24: NCO decoded back (PCIE_NCO_KHZ_TO_MHZ) | C24: =IF($C$22>=2^31,-1,1)*MOD($C$22,2^31)/1000 -> 3100 | D24: MHz | E24: Must equal the input: proves the conversion is inverse (audit_sync.sh) | F24: FF 01_Source/pcie_regs.h : PCIE_NCO_KHZ_TO_MHZ | G24: Formula
A25: C-018 | B25: DDS tone frequency | C25: 10 | D25: MHz | E25: Input. Boot default PCIE_DEF_DDS_MHZ. | F25: FF 01_Source/pcie_regs.h : PCIE_DEF_DDS_MHZ | G25: Input
A26: C-019 | B26: DDS payload (EVENT 5): Hz | C26: =ROUND($C$25*1000000,0) -> 10000000 | D26: Hz | E26: 10 MHz -> 10000000 -> 0x00989680 (pcie_regs.h example) | F26: FF 01_Source/pcie_regs.h : EVENT 5 | G26: Formula
A27: C-020 | B27: DDS payload, hex | C27: =DEC2HEX($C$26,8) -> 00989680 | D27: hex | G27: Formula
A28: C-021 | B28: ADC DSA attenuation | C28: 0 | D28: dB | E28: Input. 0..27 dB. | F28: FF 01_Source/pcie_regs.h : PCIE_EVT_ADC_DSA | G28: Input
A29: C-022 | B29: DSA payload (dB x 10) | C29: =ROUND($C$28*10,0) -> 0 | D29: dBx10 | E29: payload 0..270 | F29: FF 01_Source/pcie_regs.h : PCIE_EVT_ADC_DSA | G29: Formula
A30: C-023 | B30: DSA payload in range? | C30: =IF(AND($C$29>=0,$C$29<=270),"OK","OUT OF RANGE") -> OK | D30: - | E30: 0 <= payload <= 270 | G30: Formula
A31: C-024 | B31: ADC QMC gain | C31: 1 | D31: - | E31: Input. A read-back of 0.0000 means the QMC gain is zeroed - set 1.0 (1.2.5 check). | F31: FF 01_Source/pcie_regs.h : PCIE_EVT_QMC_GAIN | G31: Input
A32: C-025 | B32: QMC payload (gain x 10000) | C32: =ROUND($C$31*10000,0) -> 10000 | D32: x1e4 | F32: FF 01_Source/pcie_regs.h : PCIE_RB_QMC_GAIN_10000 | G32: Formula
A33: C-026 | B33: DAC VOP output current | C33: 32000 | D33: uA | E33: Input. Boot default PCIE_DEF_DAC_VOP_UA (32 mA). | F33: FF 01_Source/pcie_regs.h : PCIE_DEF_DAC_VOP_UA | G33: Input
A34: C-027 | B34: DAC VOP in mA | C34: =$C$33/1000 -> 32 | D34: mA | G34: Formula
A35: C-028 | B35: ring NEW_CMD bit [31] | C35: 1 | D35: bit | E35: Input. Host writes 1; PS clears it (= the ACK). | F35: FF 01_Source/pcie_regs.h : RING_NEWCMD_MASK | G35: Input
A36: C-029 | B36: ring TARGET [30:28] | C36: 0 | D36: code | E36: Input. 0 ADC, 1 DAC, 2 DDS, 4 ADC+DAC | F36: FF 01_Source/pcie_regs.h : RING_TARGET_MASK | G36: Input
A37: C-030 | B37: ring LAST_TILE [27] | C37: 1 | D37: bit | E37: Input. | F37: FF 01_Source/pcie_regs.h : RING_LASTTILE_MASK | G37: Input
A38: C-031 | B38: ring TILE [26:24] | C38: 0 | D38: code | E38: Input. 0..3 tile, 7 all (4 = back-to-back is rejected) | F38: FF 01_Source/pcie_regs.h : RING_TILE_MASK | G38: Input
A39: C-032 | B39: ring CHANNEL [23:20] | C39: 0 | D39: code | E39: Input. 0 Ch0, 1 Ch1, 2 both | F39: FF 01_Source/pcie_regs.h : RING_CHANNEL_MASK | G39: Input
A40: C-033 | B40: ring EVENT [19:0] | C40: 1 | D40: code | E40: Input. 1 NCO freq ... 0x17 MTS realign | F40: FF 01_Source/pcie_regs.h : PCIE_EVT_* | G40: Input
A41: C-034 | B41: ring_register word | C41: =$C$35*2^31+$C$36*2^28+$C$37*2^27+$C$38*2^24+$C$39*2^20+$C$40 -> 2281701377 | D41: u32 | E41: NEW_CMD<<31 | TARGET<<28 | LAST<<27 | TILE<<24 | CH<<20 | EVENT | F41: FF 01_Source/pcie_regs.h : RING_SET | G41: Formula
A42: C-035 | B42: ring_register word, hex | C42: =DEC2HEX($C$41,8) -> 88000001 | D42: hex | G42: Formula
A43: C-036 | B43: ACK error code (0 = OK) | C43: 0 | D43: code | E43: Input. PCIE_ERR_* (0..15) | F43: FF 01_Source/pcie_regs.h : PCIE_ERR_* | G43: Input
A44: C-037 | B44: ACK word written back by the PS | C44: =42*2^24+$C$43*2^20+$C$40 -> 704643073 | D44: u32 | E44: RING_ACK_BUILD = (0x2A<<24)|(err<<20)|evt (NEW_CMD = 0) | F44: FF 01_Source/pcie_regs.h : RING_ACK_BUILD | G44: Formula
A45: C-038 | B45: ACK word, hex | C45: =DEC2HEX($C$44,8) -> 2A000001 | D45: hex | E45: Host checks bits[31:24] == 0x2A | F45: SC GUI src/core/RfdcControl.cpp | G45: Formula
A46: C-039 | B46: Readback id | C46: 13 | D46: id | E46: Input. e.g. 0x0D = QMC gain x10000 | F46: FF 01_Source/pcie_regs.h : PCIE_RB_* | G46: Input
A47: C-040 | B47: Readback request word | C47: =21058*2^16+$C$46 -> 1380057101 | D47: u32 | E47: PCIE_RB_REQUEST = (0x5242<<16) | id ; still 0x5242xxxx = unanswered | F47: FF 01_Source/pcie_regs.h : PCIE_RB_REQUEST | G47: Formula
A48: C-041 | B48: Readback request, hex | C48: =DEC2HEX($C$47,8) -> 5242000D | D48: hex | G48: Formula
A49: C-042 | B49: AXIS routing: output 0 source | C49: 7 | D49: code | E49: Input. Boot default ch0=7 | F49: FF 01_Source/pcie_regs.h : PCIE_DEF_AXIS_ROUTING | G49: Input
A50: C-043 | B50: AXIS routing: output 1 source | C50: 3 | D50: code | E50: Input. ch1=3 | G50: Input
A51: C-044 | B51: AXIS routing: output 2 source | C51: 2 | D51: code | E51: Input. ch2=2 | G51: Input
A52: C-045 | B52: AXIS routing: output 3 source | C52: 1 | D52: code | E52: Input. ch3=1 | G52: Input
A53: C-046 | B53: AXIS routing payload | C53: =$C$49+$C$50*16+$C$51*256+$C$52*4096 -> 4663 | D53: u32 | E53: ch0 | ch1<<4 | ch2<<8 | ch3<<12 ; default 0x1237 | F53: FF 01_Source/pcie_regs.h : PCIE_EVT_AXIS_ROUTING | G53: Formula
A54: C-047 | B54: AXIS routing payload, hex | C54: =DEC2HEX($C$53,4) -> 1237 | D54: hex | G54: Formula
A55: 3. Capture (C2H) bandwidth and the 1.2.5 transmit guard
A56: C-048 | B56: Capture channels requested | C56: 4 | D56: ch | E56: Input. 1, 2 or 4 (PL GPIO mode 1/2/3). | F56: SC GUI src/core/CaptureBudget.h | G56: Input
A57: C-049 | B57: Capture rate per channel | C57: =$C$10 -> 200 | D57: MSPS | E57: Link to section 1 (ADC stream rate). | G57: Link
A58: C-050 | B58: Bytes per complex sample (Cs16) | C58: 4 | D58: B | E58: Input. int16 I + int16 Q | F58: SC GUI src/core/SampleCodec.h : bytesPerSample | G58: Input
A59: C-051 | B59: Capture budget while transmitting | C59: 1600 | D59: MiB/s | E59: Input. kCaptureBudgetMib | F59: SC GUI src/core/CaptureBudget.h : kCaptureBudgetMib | G59: Input
A60: C-052 | B60: Host drain rate measured on the bench | C60: 2400 | D60: MiB/s | E60: Input. Bench measurement (DRIVER_OVERFLOW_RECOVERY.md). | F60: UM 02_Developer_Notes/DRIVER_OVERFLOW_RECOVERY.md | G60: Input
A61: C-053 | B61: Capture need | C61: =$C$56*$C$57*1000000*$C$58/1048576 -> 3051.7578 | D61: MiB/s | E61: captureNeedMib = ch*rate*1e6*bps/2^20 (4 x 200 MSPS x 4 B = 3051.8) | F61: SC GUI src/core/CaptureBudget.h : captureNeedMib | G61: Formula
A62: C-054 | B62: Need at 2 channels | C62: =2*$C$57*1000000*$C$58/1048576 -> 1525.8789 | D62: MiB/s | G62: Formula
A63: C-055 | B63: Need at 1 channel | C63: =1*$C$57*1000000*$C$58/1048576 -> 762.93945 | D63: MiB/s | G63: Formula
A64: C-056 | B64: Fits the transmit budget? | C64: =IF($C$61<=$C$59,"YES","NO - guard reduces channels") -> NO - guard reduces channels | D64: - | E64: need <= budget | G64: Formula
A65: C-057 | B65: Channels the guard allows while transmitting | C65: =IF($C$61<=$C$59,$C$56,IF(AND(2<$C$56,$C$62<=$C$59),2,1)) -> 2 | D65: ch | E65: captureChannelsWithinBudget(): ch if it fits, else 2 if it fits, else 1 | F65: SC GUI src/core/CaptureBudget.h : captureChannelsWithinBudget | G65: Formula
A66: C-058 | B66: PL GPIO mode the guard selects | C66: =IF($C$65>=4,3,IF($C$65>=2,2,1)) -> 2 | D66: mode | E66: plGpioModeForChannels(): >=4 -> 3, >=2 -> 2, else 1 | F66: SC GUI src/core/CaptureBudget.h : plGpioModeForChannels | G66: Formula
A67: C-059 | B67: Drain margin at the requested channels | C67: =$C$60-$C$61 -> -651.75781 | D67: MiB/s | E67: negative = the C2H FIFO overflows continuously | G67: Formula
A68: C-060 | B68: C2H FIFO state | C68: =IF($C$61>$C$60,"OVERFLOW - driver resets QDMA (H2C hit)","OK") -> OVERFLOW - driver resets QDMA (H2C hit) | D68: - | E68: See DRIVER_OVERFLOW_RECOVERY.md | F68: SC GUI drivers/iwfg_dma.c : iwfg_rx_poll (usr_ovf) | G68: Formula
A69: C-061 | B69: Measured capture rate (for the implied-channel check) | C69: 1526 | D69: MiB/s | E69: Input. The rate the GUI status bar shows. | G69: Input
A70: C-062 | B70: Delivered / one channel's worth | C70: =$C$69/$C$63 -> 2.0001587 | D70: x | G70: Formula
A71: C-063 | B71: Implied channel count (+-15 %) | C71: =IF(ABS($C$70-1)<=0.15,1,IF(ABS($C$70-2)<=0.3,2,IF(ABS($C$70-4)<=0.6,4,IF(ABS($C$70-8)<=1.2,8,"none - overloaded")))) -> 2 | D71: ch | E71: impliedCaptureChannels(): |x-c| <= 0.15c for c in {1,2,4,8} | F71: SC GUI src/core/CaptureBudget.h : impliedCaptureChannels | G71: Formula
A72: C-064 | B72: c2h_stream ring (4 x 16 MiB) | C72: 64 | D72: MiB | E72: Input. fifo_pipe.c pre-armed buffers | F72: SC GUI backend/C2H/fifo_pipe.c | G72: Input
A73: C-065 | B73: Time the ring absorbs a stalled reader | C73: =$C$72/$C$61*1000 -> 20.97152 | D73: ms | E73: ring / need | G73: Formula
A74: C-066 | B74: Capture FIFO pipe size (F_SETPIPE_SZ) | C74: 1024 | D74: KiB | E74: Input. 1.2.5: 1 MiB (was 64 KiB) | F74: SC GUI src/core/Sources.cpp : DmaSource | G74: Input
A75: C-067 | B75: Time the pipe absorbs at the capture need | C75: =$C$74/1024/$C$61*1000000 -> 327.68 | D75: us | G75: Formula
A76: 4. H2C transmit: DAC demand, replay loop and per-transfer overhead
A77: C-068 | B77: Bytes per DAC I/Q word | C77: 4 | D77: B | E77: Input. int16 I + int16 Q | F77: SC GUI src/core/IqGenerator.h | G77: Input
A78: C-069 | B78: DAC stream rate | C78: =$C$14*1000000 -> 200000000 | D78: S/s | E78: Link: DAC stream clock x 1e6 | G78: Link
A79: C-070 | B79: DAC demand | C79: =$C$78*$C$77/1048576 -> 762.93945 | D79: MiB/s | E79: 200 MHz x 4 B = 762.9 MiB/s; DAC input has no TREADY | F79: SC GUI src/core/BackendLauncher.h | G79: Formula
A80: C-071 | B80: H2C chunk size (iwfg_h2c chunk_bytes) | C80: 1048576 | D80: B | E80: Input. kH2cChunkDefault = 1 MiB; IWFG_H2C_CHUNK_BYTES overrides | F80: SC GUI src/core/BackendLauncher.h : kH2cChunkDefault | G80: Input
A81: C-072 | B81: Sanitised chunk | C81: =MIN(MAX($C$80-MOD($C$80,4),1024),67108864) -> 1048576 | D81: B | E81: sanitiseChunkBytes(): multiple of 4, 1 KiB .. 64 MiB | F81: SC GUI src/core/IqGenerator.cpp : sanitiseChunkBytes | G81: Formula
A82: C-073 | B82: Replay loop length N | C82: =$C$81/$C$77 -> 262144 | D82: pairs | E82: loopPairsFor() = bytes / 4 | F82: SC GUI src/core/IqGenerator.cpp : loopPairsFor | G82: Formula
A83: C-074 | B83: Host tone resolution df = fs / N | C83: =$C$78/$C$82 -> 762.93945 | D83: Hz | E83: loopResolutionHz(); 762.9 Hz at 1 MiB, 200 MSPS | F83: SC GUI src/core/Waveform.h : loopResolutionHz | G83: Formula
A84: C-075 | B84: Chunk play time | C84: =$C$82/$C$78*1000 -> 1.31072 | D84: ms | E84: N / fs | G84: Formula
A85: C-076 | B85: Pages (descriptors) per transfer | C85: =$C$81/4096 -> 256 | D85: pages | E85: 16 MiB = 4096 pages did not complete on the bench | F85: SC GUI src/core/BackendLauncher.h | G85: Formula
A86: C-077 | B86: Requested host tone | C86: 10000000 | D86: Hz | E86: Input. IqGenerator::Config.frequencyHz (default 10 MHz) | F86: SC GUI src/core/IqGenerator.h | G86: Input
A87: C-078 | B87: Whole cycles in the loop k | C87: =ROUND($C$86*$C$82/$C$78,0) -> 13107 | D87: cycles | E87: loopCycles() = round(f*N/fs) | F87: SC GUI src/core/Waveform.h : loopCycles | G87: Formula
A88: C-079 | B88: Frequency actually transmitted (coherent) | C88: =$C$87*$C$78/$C$82 -> 9999847.4 | D88: Hz | E88: coherentHz() = k*fs/N - seamless at the loop boundary | F88: SC GUI src/core/Waveform.h : coherentHz | G88: Formula
A89: C-080 | B89: Coherent snap error | C89: =$C$88-$C$86 -> -152.58789 | D89: Hz | E89: |error| <= df/2 | G89: Formula
A90: C-081 | B90: Per-transfer overhead (DMA_DATA round trip) | C90: 3.9 | D90: us | E90: Input. Derived from the bench: 16 KiB chunks capped delivery at ~640 MiB/s (BackendLauncher.h). Edit to your host. | F90: SC GUI src/core/BackendLauncher.h | G90: Input
A91: C-082 | B91: Transfer efficiency | C91: =($C$81/($C$79*1048576))/($C$81/($C$79*1048576)+$C$90/1000000) -> 0.99703336 | D91: % | E91: t_chunk / (t_chunk + t_oh) ; 99.7 % at 1 MiB | G91: Formula
A92: C-083 | B92: Deliverable H2C rate | C92: =$C$79*$C$91 -> 760.67609 | D92: MiB/s | E92: demand x efficiency | G92: Formula
A93: C-084 | B93: Shortfall vs DAC demand | C93: =$C$79-$C$92 -> 2.2633642 | D93: MiB/s | E93: plays as broadband interference when > 0.5 % | G93: Formula
A94: C-085 | B94: DAC kept fed? | C94: =IF($C$91>=0.995,"YES","NO - starves (raise chunk size)") -> YES | D94: - | G94: Formula
A95: C-086 | B95: Driver TX wait slice | C95: 100 | D95: ms | E95: Input. iwfg_wait_for_tx() reclaim slice | F95: SC GUI drivers/iwfg_dma.c : iwfg_wait_for_tx | G95: Input
A96: C-087 | B96: Driver TX wait timeout | C96: 2000 | D96: ms | E96: Input. | F96: SC GUI drivers/iwfg_dma.c : iwfg_wait_for_tx | G96: Input
A97: C-088 | B97: Reclaim slices before timeout | C97: =$C$96/$C$95 -> 20 | D97: slices | G97: Formula
A98: C-089 | B98: DAC outage per C2H overflow recovery | C98: 17 | D98: ms | E98: Input. udelay(17000) in the reset work item | F98: SC GUI drivers/iwfg_dma.c : iwfg_reset_hardware | G98: Input
A99: C-090 | B99: C2H overflows per second | C99: 5 | D99: 1/s | E99: Input. Example value - set to what dmesg shows. | G99: Input
A100: C-091 | B100: Fraction of time the DAC plays stale data | C100: =MIN(1,$C$99*$C$98/1000) -> 0.085 | D100: % | G100: Formula
A101: C-092 | B101: Stale samples per recovery | C101: =$C$98/1000*$C$78 -> 3400000 | D101: samples | G101: Formula
...

Sheet Calc Tables
A1: Calculation Tables
A2: Window coefficients (ENBW / coherent gain used by Calculations C-105/C-106) and the H2C chunk step-down ladder. Green cells link to Calculations; blue-on-yellow cells are editable.
A4: A. Windows (cosine-sum coefficients from Fft.h makeWindow) - ENBW and coherent gain, exact for large N
A5: Window | B5: a0 | C5: a1 | D5: a2 | E5: ENBW (bins) | F5: ENBW (dB) | G5: Coherent gain | H5: a3 | I5: a4 | J5: Note
A6: Rectangular | B6: 1 | C6: 0 | D6: 0 | E6: =(B6^2+(C6^2+D6^2+H6^2+I6^2)/2)/B6^2 -> 1 | F6: =10*LOG10(E6) -> 0 | G6: =B6 -> 1 | H6: 0 | I6: 0 | J6: w = 1
A7: Hann | B7: 0.5 | C7: 0.5 | D7: 0 | E7: =(B7^2+(C7^2+D7^2+H7^2+I7^2)/2)/B7^2 -> 1.5 | F7: =10*LOG10(E7) -> 1.7609126 | G7: =B7 -> 0.5 | H7: 0 | I7: 0 | J7: 0.5 - 0.5cos
A8: Hamming | B8: 0.54 | C8: 0.46 | D8: 0 | E8: =(B8^2+(C8^2+D8^2+H8^2+I8^2)/2)/B8^2 -> 1.3628258 | F8: =10*LOG10(E8) -> 1.3444034 | G8: =B8 -> 0.54 | H8: 0 | I8: 0 | J8: 0.54 - 0.46cos
A9: Blackman | B9: 0.42 | C9: 0.5 | D9: 0.08 | E9: =(B9^2+(C9^2+D9^2+H9^2+I9^2)/2)/B9^2 -> 1.7267574 | F9: =10*LOG10(E9) -> 2.3723132 | G9: =B9 -> 0.42 | H9: 0 | I9: 0
A10: Blackman-Harris | B10: 0.35875 | C10: 0.48829 | D10: 0.14128 | E10: =(B10^2+(C10^2+D10^2+H10^2+I10^2)/2)/B10^2 -> 2.0043529 | F10: =10*LOG10(E10) -> 3.019742 | G10: =B10 -> 0.35875 | H10: 0.01168 | I10: 0 | J10: default
A11: Flat-top | B11: 0.21557895 | C11: 0.41663158 | D11: 0.27726316 | E11: =(B11^2+(C11^2+D11^2+H11^2+I11^2)/2)/B11^2 -> 3.7702464 | F11: =10*LOG10(E11) -> 5.7636974 | G11: =B11 -> 0.21557895 | H11: 0.083578947 | I11: 0.006947368 | J11: amplitude-accurate
A12: ENBW = (a0^2 + (a1^2+a2^2+a3^2+a4^2)/2) / a0^2 ; CG = a0. Kaiser (beta 8.6) is not a cosine-sum window: windowEnbw() computes it numerically at run time.
A14: B. H2C chunk step-down ladder (BackendLauncher.h kH2cChunkLadder) - what each rung gives
A15: Rung | B15: Chunk (bytes) | C15: Chunk (KiB) | D15: Pages / transfer | E15: Tone resolution df (Hz) | F15: Play time (ms) | G15: Efficiency | H15: Delivered (MiB/s) | I15: DAC kept fed?
A16: 1 | B16: 16777216 | C16: =B16/1024 -> 16384 | D16: =B16/4096 -> 4096 | E16: =Calculations!$C$78/(B16/Calculations!$C$77) -> 47.683716 | F16: =(B16/Calculations!$C$77)/Calculations!$C$78*1000 -> 20.97152 | G16: =(F16/1000)/((F16/1000)+Calculations!$C$90/1000000) -> 0.99981407 | H16: =Calculations!$C$79*G16 -> 762.7976 | I16: =IF(G16>=0.995,"YES","NO - starves") -> YES
A17: 2 | B17: 4194304 | C17: =B17/1024 -> 4096 | D17: =B17/4096 -> 1024 | E17: =Calculations!$C$78/(B17/Calculations!$C$77) -> 190.73486 | F17: =(B17/Calculations!$C$77)/Calculations!$C$78*1000 -> 5.24288 | G17: =(F17/1000)/((F17/1000)+Calculations!$C$90/1000000) -> 0.99925669 | H17: =Calculations!$C$79*G17 -> 762.37235 | I17: =IF(G17>=0.995,"YES","NO - starves") -> YES
A18: 3 | B18: 1048576 | C18: =B18/1024 -> 1024 | D18: =B18/4096 -> 256 | E18: =Calculations!$C$78/(B18/Calculations!$C$77) -> 762.93945 | F18: =(B18/Calculations!$C$77)/Calculations!$C$78*1000 -> 1.31072 | G18: =(F18/1000)/((F18/1000)+Calculations!$C$90/1000000) -> 0.99703336 | H18: =Calculations!$C$79*G18 -> 760.67609 | I18: =IF(G18>=0.995,"YES","NO - starves") -> YES
A19: 4 | B19: 262144 | C19: =B19/1024 -> 256 | D19: =B19/4096 -> 64 | E19: =Calculations!$C$78/(B19/Calculations!$C$77) -> 3051.7578 | F19: =(B19/Calculations!$C$77)/Calculations!$C$78*1000 -> 0.32768 | G19: =(F19/1000)/((F19/1000)+Calculations!$C$90/1000000) -> 0.98823813 | H19: =Calculations!$C$79*G19 -> 753.96586 | I19: =IF(G19>=0.995,"YES","NO - starves") -> NO - starves
A20: 5 | B20: 65536 | C20: =B20/1024 -> 64 | D20: =B20/4096 -> 16 | E20: =Calculations!$C$78/(B20/Calculations!$C$77) -> 12207.031 | F20: =(B20/Calculations!$C$77)/Calculations!$C$78*1000 -> 0.08192 | G20: =(F20/1000)/((F20/1000)+Calculations!$C$90/1000000) -> 0.95455605 | H20: =Calculations!$C$79*G20 -> 728.26847 | I20: =IF(G20>=0.995,"YES","NO - starves") -> NO - starves
A21: 6 | B21: 16384 | C21: =B21/1024 -> 16 | D21: =B21/4096 -> 4 | E21: =Calculations!$C$78/(B21/Calculations!$C$77) -> 48828.125 | F21: =(B21/Calculations!$C$77)/Calculations!$C$78*1000 -> 0.02048 | G21: =(F21/1000)/((F21/1000)+Calculations!$C$90/1000000) -> 0.84003281 | H21: =Calculations!$C$79*G21 -> 640.89418 | I21: =IF(G21>=0.995,"YES","NO - starves") -> NO - starves
A22: Shaded = default rung (1 MiB, kH2cChunkDefault). 16 MiB (4096 pages) never completed on the bench; 16 KiB starves the DAC (~640 MiB/s, matching the bench). The launcher first reopens at the same size, then steps down.
A23: Per-transfer overhead and DAC demand come from Calculations (C-081, C-070).

Sheet Math DSP
A1: Math DSP - API reference
A2: Every mathematical routine, constant and derived quantity in the host GUI: FFT, windows, spectral metrics (SINAD/SNR/THD/SFDR/ENOB), EVM, DDC/NCO, waveform generation, DAC packing, sample codecs, rate/bandwidth, display scaling, GPU kernels, simulation model, validation.
A3: 238 entries. Source: iW-ASCEJ-01-SF-R1.0-REL1.0/iW-ASCEJ-01-SC-R1.0-REL1.0 and iW-ASCEJ-01-FF-R1.0-REL1.0 of release REL1.0 (1.2.5).
A4: ID | B4: Category | C4: Sub-category | D4: API / symbol | E4: Kind | F4: Signature / definition | G4: Purpose | H4: Inputs / parameters | I4: Outputs / returns | J4: Formula / algorithm | K4: Units | L4: Used by / callers | M4: Notes | N4: Pkg | O4: Source file (in package folder) | P4: Line
A5: MATH-001 | B5: Math & DSP (host GUI) | C5: DAC packing | D5: sdr::kPeak14 | E5: constant | F5: static constexpr double kPeak14 = 8191.0; | G5: Largest magnitude of a signed 14-bit DAC sample. | H5: - | I5: 8191 | J5: 2^13 − 1 = 8191 | K5: LSB (14-bit) | L5: packDac | M5: After <<2 the int16 peak is 32764. | N5: SC | O5: 01_sdr_workstation_GUI/src/core/IqGenerator.cpp | P5: 30
A6: MATH-002 | B6: Math & DSP (host GUI) | C6: DAC packing | D6: sdr::packDac | E6: function | F6: static inline qint16 packDac(double v) | G6: Packs a normalised sample into the DAC wire word: quantise to int14 first, then MSB-align so bits[1:0] are always 00. | H6: v: normalised sample (±1 = full scale). | I6: qint16 DAC word. | J6: i14 = clamp(round(v·8191), −8191, +8191); word = i14 << 2 (range ±32764) | K6: int16 code | L6: fillNoise, renderLoop, fillChunk | M6: Quantising before the shift guarantees bits[1:0] = 00 (fifo_sink_v9 contract). | N6: SC | O6: 01_sdr_workstation_GUI/src/core/IqGenerator.cpp | P6: 32
A7: MATH-003 | B7: Math & DSP (host GUI) | C7: DAC packing | D7: sdr::sanitiseChunkBytes | E7: function | F7: static int sanitiseChunkBytes(int bytes) | G7: Forces the H2C chunk to a multiple of 4 bytes within 1 KiB … 64 MiB. | H7: bytes. | I7: bytes. | J7: b = bytes − (bytes mod 4); b = clamp(b, 1024, 64·1024·1024) | K7: bytes | L7: loopPairsFor, IqGenerator::start | N7: SC | O7: 01_sdr_workstation_GUI/src/core/IqGenerator.cpp | P7: 47
A8: MATH-004 | B8: Math & DSP (host GUI) | C8: DAC packing | D8: sdr::IqGenerator::loopPairsFor | E8: method | F8: int IqGenerator::loopPairsFor(int chunkBytes) | G8: IQ pairs in one H2C chunk (the replay loop length). | H8: chunkBytes. | I8: pairs N. | J8: N = sanitiseChunkBytes(chunkBytes)/4 (one int16 I + int16 Q = 4 B) | K8: samples | L8: transmittedHz, ControlWindow3D::updateGenPreview | M8: 1 MiB → 262144 pairs; 16 KiB → 4096. | N8: SC | O8: 01_sdr_workstation_GUI/src/core/IqGenerator.cpp | P8: 105
A9: MATH-005 | B9: Math & DSP (host GUI) | C9: DAC packing | D9: sdr::IqGenerator::peakInt16 | E9: inline | F9: static constexpr int peakInt16() { return 8191 << 2; } | G9: Peak int16 value actually emitted to the DAC. | H9: - | I9: 32764 | J9: 8191 << 2 = 32764 | K9: int16 code | L9: UI full-scale display | N9: SC | O9: 01_sdr_workstation_GUI/src/core/IqGenerator.h | P9: 103
A10: MATH-006 | B10: Math & DSP (host GUI) | C10: DDC / NCO | D10: DspEngine::processBlock [DDC frequency-axis compensation] | E10: lambda/block | F10: frame.centerFreqHz = m_cfg.acq.centerFreqHz() - m_cfg.acq.ncoFreqMHz * 1e6; | G10: Moves the frequency-axis origin to undo the +f_NCO translation applied by applyDdc, so plots, peak table and metrics report true frequency. | H10: acq.centerFreqGHz (GHz), acq.ncoFreqMHz (MHz). | I10: frame.centerFreqHz (Hz). | J10: f_axis_centre = f_centre − f_NCO; f_RF = f_centre + (f_measured − f_NCO) | K10: Hz | L10: computeMetrics (peakFreqHz), findPeaks, SpectrumPlot/WaterfallPlot X axes | M10: f_NCO in MHz ×1e6. Defaults: centre 0 GHz, NCO 0 MHz → baseband axis. | N10: SC | O10: 01_sdr_workstation_GUI/src/core/DspEngine.cpp | P10: 182
A11: MATH-007 | B11: Math & DSP (host GUI) | C11: DDC / NCO | D11: DspEngine::applyDdc | E11: method | F11: void DspEngine::applyDdc(IQBlock& b, quint64 startSample) const | G11: Digital down-conversion: complex mix of the analysis block by the NCO, with phase derived from the absolute sample index so dropped blocks do not rotate frames. | H11: b: IQ samples (in place); startSample: absolute per-channel index; acq.ncoFreqMHz (MHz); displayRateHz Fs (Hz). | I11: b[n] multiplied by e^(+jφ[n]). | J11: Δφ = 2π·f_NCO/Fs; φ[0] = fmod(Δφ·startSample, 2π); y[n] = x[n]·(cos φ[n] + j·sin φ[n]); φ[n+1] = φ[n] + Δφ, wrapped to (−2π, 2π) | K11: rad | L11: DspEngine::processBlock (per selected channel) | M11: No-op when Fs ≤ 0 or |Δφ| < 1e−12. Shifts the spectrum UP by f_NCO (compensated in frame.centerFreqHz). Phase in double, cos/sin cast to float. | N11: SC | O11: 01_sdr_workstation_GUI/src/core/DspEngine.cpp | P11: 286
A12: MATH-008 | B12: Math & DSP (host GUI) | C12: DDC / NCO | D12: sdr::ui::ControlWindow3D::refreshChain [NCO / RF] | E12: lambda/block | F12: set(m_chNco, tr("DAC NCO %1 MHz → tone at RF %2 MHz · ADC NCO %3 MHz").arg(m_devDacNco, 0, 'f', 3).arg(m_devDacNco + txHz / 1e6, 0, 'f', 3)… | G12: Reports the RF frequency of the transmitted tone from the DAC NCO. | H12: m_devDacNco, m_devAdcNco (MHz), txHz = transmittedHz (Hz). | I12: label. | J12: f_RF[MHz] = f_DACNCO + f_tx/1e6 | K12: MHz | L12: refreshChain | M12: Shown only when both NCOs were read back. | N12: SC | O12: 01_sdr_workstation_GUI/src/ui/ControlWindow3D.cpp | P12: 2157
A13: MATH-009 | B13: Math & DSP (host GUI) | C13: Display scaling | D13: sdr::kMaxTimePoints | E13: constant | F13: constexpr int kMaxTimePoints = 512; | G13: Number of contiguous samples handed to the time-domain plot; sets the scope timebase. | H13: - | I13: 512 | J13: visible window = 512 / Fs (e.g. 2.56 µs at 200 MSPS) | K13: samples | L13: DspEngine::processBlock, time-domain metrics (RMS/PAPR/IQ imbalance) | M13: Contiguous (stride 1) after the trigger point — no decimation of the trace. | N13: SC | O13: 01_sdr_workstation_GUI/src/core/DspEngine.cpp | P13: 27
A14: MATH-010 | B14: Math & DSP (host GUI) | C14: Display scaling | D14: DspEngine::processBlock [time-axis span] | E14: lambda/block | F14: frame.blockSpanSec = frame.displayRateHz > 0.0 ? static_cast<double>(plotted) / frame.displayRateHz : 0.0; | G14: Duration represented by the plotted time slice. | H14: plotted samples (first channel's iq size, else analysisN), displayRateHz (Hz). | I14: frame.blockSpanSec (s). | J14: T = N_plotted / Fs | K14: s | L14: TimeDomainPlot::setFrame (m_spanUs = T·1e6) | M14: 0 if Fs ≤ 0. | N14: SC | O14: 01_sdr_workstation_GUI/src/core/DspEngine.cpp | P14: 273
A15: MATH-011 | B15: Math & DSP (host GUI) | C15: Display scaling | D15: sdr::DisplayConfig | E15: struct | F15: struct DisplayConfig { | G15: Display/analysis parameters that shape FFT, averaging, peak search, waterfall and persistence. | H15: - | I15: Fields with defaults. | J15: Defaults: fftSize 2048, window BlackmanHarris, average Exponential, averageCount 8, averageAlpha 0.35, refreshFps 30, floorDb −130, ceilDb 10, peakSearch true, peakCount 5, peakThreshDb 10, peakExcursionPct 4.0, colorMap 0, waterfallRows 320, persistence true, persistDecay 0.90 | K15: points, dB, dBFS, %, fps | L15: DspEngine, Plots, WaterfallPlot, ConstellationPlot | M15: peakThreshDb is relative to the measured noise floor; peakExcursionPct is min peak separation as % of span. | N15: SC | O15: 01_sdr_workstation_GUI/src/core/Types.h | P15: 272
A16: MATH-012 | B16: Math & DSP (host GUI) | C16: Display scaling | D16: sdr::FrameResult | E16: struct | F16: struct FrameResult { | G16: One processed display frame carrying the axis parameters every plot derives its scale from. | H16: - | I16: channels[], stats, displayRateHz (Hz), centerFreqHz (Hz, NCO-compensated), blockSpanSec (s), sequence | K16: Hz, s | L16: Plots::setFrame, MeasurementPanel, MainWindow::renderPending | N16: SC | O16: 01_sdr_workstation_GUI/src/core/Types.h | P16: 474
A17: MATH-013 | B17: Math & DSP (host GUI) | C17: Display scaling | D17: sdr::ui::ColorMap::rgb | E17: inline | F17: inline QRgb rgb(float t) const | G17: Maps a normalised value to a colour via the 256-entry LUT. | H17: t (clamped to [0, 1]). | I17: QRgb. | J17: index = ⌊clamp(t, 0, 1)·255⌋; colour = LUT[index] | K17: RGB | L17: WaterfallPlot::setFrame, ConstellationPlot::setFrame, colour bar | N17: SC | O17: 01_sdr_workstation_GUI/src/ui/ColorMap.h | P17: 30
A18: MATH-014 | B18: Math & DSP (host GUI) | C18: Display scaling | D18: sdr::ui::ColorMap::build [Jet] | E18: lambda/block | F18: r = std::clamp(1.5f - std::abs(4.0f * t - 3.0f), 0.0f, 1.0f); | G18: Jet colour map LUT. | H18: t = i/255, i = 0..255. | I18: LUT[i]. | J18: r = clamp(1.5 − |4t − 3|), g = clamp(1.5 − |4t − 2|), b = clamp(1.5 − |4t − 1|), each to [0, 1]; channel byte = ⌊c·255⌋ | K18: RGB | L18: ColorMap::build (preset 0, default) | N18: SC | O18: 01_sdr_workstation_GUI/src/ui/ColorMap.h | P18: 46
A19: MATH-015 | B19: Math & DSP (host GUI) | C19: Display scaling | D19: sdr::ui::ColorMap::build [Viridis] | E19: lambda/block | F19: r = std::clamp(0.28f + 0.10f * t + 0.75f * t * t * t, 0.0f, 1.0f); | G19: Polynomial Viridis-like colour map LUT. | H19: t = i/255. | I19: LUT[i]. | J19: r = 0.28 + 0.10t + 0.75t³; g = 0.90t; b = 0.33 + 0.85t − 1.05t²; each clamped to [0, 1] | K19: RGB | L19: ColorMap::build (preset 1) | M19: An approximation, not the matplotlib Viridis table. | N19: SC | O19: 01_sdr_workstation_GUI/src/ui/ColorMap.h | P19: 51
A20: MATH-016 | B20: Math & DSP (host GUI) | C20: Display scaling | D20: sdr::ui::ColorMap::build [Inferno] | E20: lambda/block | F20: r = std::clamp(1.35f * t + 0.05f, 0.0f, 1.0f); | G20: Polynomial Inferno-like colour map LUT. | H20: t = i/255. | I20: LUT[i]. | J20: r = 1.35t + 0.05; g = 1.25t²; b = 0.55·sin(3.14159t) + 0.85t⁴; each clamped to [0, 1] | K20: RGB | L20: ColorMap::build (preset 2) | M20: An approximation, not the matplotlib Inferno table. | N20: SC | O20: 01_sdr_workstation_GUI/src/ui/ColorMap.h | P20: 56
A21: MATH-017 | B21: Math & DSP (host GUI) | C21: Display scaling | D21: sdr::ui::ColorMap::build [Grayscale] | E21: lambda/block | F21: r = g = b = t; | G21: Grayscale LUT. | H21: t = i/255. | I21: LUT[i]. | J21: r = g = b = t | K21: RGB | L21: ColorMap::build (preset 3) | N21: SC | O21: 01_sdr_workstation_GUI/src/ui/ColorMap.h | P21: 61
A22: MATH-018 | B22: Math & DSP (host GUI) | C22: Display scaling | D22: sdr::ui::kTableUpdateMs | E22: constant | F22: constexpr int kTableUpdateMs = 120; // measurement tables need not run at 30 fps | G22: Minimum interval between measurement-table / loopback-peak updates. | H22: - | I22: 120 | J22: ≈ 8.3 updates/s | K22: ms | L22: MainWindow::renderPending → MeasurementPanel, ControlWindow3D::setReceivedPeak | N22: SC | O22: 01_sdr_workstation_GUI/src/ui/MainWindow.cpp | P22: 57
A23: MATH-019 | B23: Math & DSP (host GUI) | C23: Display scaling | D23: sdr::ui::kMinSpan | E23: constant | F23: constexpr double kMinSpan = 1e-12; | G23: Smallest axis span treated as valid in mapping and view sync. | H23: - | I23: 1e−12 | K23: axis units | L23: syncView, setViewX, xToPixel, yToPixel | M23: Degenerate spans are widened to 1.0 in syncView. | N23: SC | O23: 01_sdr_workstation_GUI/src/ui/PlotBase.cpp | P23: 39
A24: MATH-020 | B24: Math & DSP (host GUI) | C24: Display scaling | D24: sdr::ui::PlotBase::xToPixel | E24: method | F24: double PlotBase::xToPixel(double v, const QRect& r) const | G24: Linear data-to-pixel mapping on X. | H24: v (data units), r (plot rect). | I24: pixel x. | J24: px = r.left + (v − x0)/(x1 − x0)·r.width (0 offset if span ≤ 1e−12) | K24: px | L24: all plot drawing, markers, overlays | N24: SC | O24: 01_sdr_workstation_GUI/src/ui/PlotBase.cpp | P24: 135
A25: MATH-021 | B25: Math & DSP (host GUI) | C25: Display scaling | D25: sdr::ui::PlotBase::yToPixel | E25: method | F25: double PlotBase::yToPixel(double v, const QRect& r) const | G25: Linear data-to-pixel mapping on Y, optionally inverted. | H25: v, r. | I25: pixel y. | J25: f = (v − y0)/(y1 − y0); py = yInverted ? r.top + f·r.height : r.bottom − f·r.height | K25: px | L25: all plot drawing | M25: Waterfall uses yInverted = true. | N25: SC | O25: 01_sdr_workstation_GUI/src/ui/PlotBase.cpp | P25: 141
A26: MATH-022 | B26: Math & DSP (host GUI) | C26: Display scaling | D26: sdr::ui::PlotBase::pixelToX | E26: method | F26: double PlotBase::pixelToX(double px, const QRect& r) const | G26: Inverse X mapping for cursor, markers and zoom anchors. | H26: px, r. | I26: data x. | J26: x = x0 + (px − r.left)/r.width·(x1 − x0) | K26: data units | L26: wheelEvent, markers, crosshair, box zoom | M26: Returns x0 if width ≤ 0. | N26: SC | O26: 01_sdr_workstation_GUI/src/ui/PlotBase.cpp | P26: 149
A27: MATH-023 | B27: Math & DSP (host GUI) | C27: Display scaling | D27: sdr::ui::PlotBase::pixelToY | E27: method | F27: double PlotBase::pixelToY(double py, const QRect& r) const | G27: Inverse Y mapping. | H27: py, r. | I27: data y. | J27: f = yInverted ? (py − r.top)/h : (r.bottom − py)/h; y = y0 + f·(y1 − y0) | K27: data units | L27: wheelEvent, crosshair, box zoom | M27: Returns y0 if height ≤ 0. | N27: SC | O27: 01_sdr_workstation_GUI/src/ui/PlotBase.cpp | P27: 155
A28: MATH-024 | B28: Math & DSP (host GUI) | C28: Display scaling | D28: sdr::ui::PlotBase::niceTicks | E28: method | F28: QVector<double> PlotBase::niceTicks(double lo, double hi, int target) | G28: Generates 1-2-5 style 'nice' tick positions for an axis range. | H28: lo, hi, target tick count (X 8, Y 6). | I28: tick values. | J28: raw = (hi − lo)/target; mag = 10^⌊log10 raw⌋; norm = raw/mag; step = mag·(1 if norm < 1.5, 2 if < 3, 5 if < 7, else 10); ticks from ⌈lo/step⌉·step to hi + 1e−6·step | K28: axis units | L28: drawGrid, drawAxes | M28: Values with |v| < 1e−9·step snapped to 0. At most 65 ticks. Empty if hi ≤ lo or target < 2. | N28: SC | O28: 01_sdr_workstation_GUI/src/ui/PlotBase.cpp | P28: 165
A29: MATH-025 | B29: Math & DSP (host GUI) | C29: Display scaling | D29: sdr::ui::PlotBase::formatX | E29: method | F29: QString PlotBase::formatX(double v) const | G29: Axis label precision chosen from the visible span (formatY uses the same rule on Y). | H29: v; view span. | I29: text. | J29: decimals = 0 if span ≥ 100; 1 if ≥ 10; 2 if ≥ 1; else 3 | K29: - | L29: drawAxes, crosshair, marker readout | M29: Overridden by SpectrumPlot/WaterfallPlot to print MHz. | N29: SC | O29: 01_sdr_workstation_GUI/src/ui/PlotBase.cpp | P29: 191
A30: MATH-026 | B30: Math & DSP (host GUI) | C30: Display scaling | D30: sdr::ui::PlotBase::zoomAxis | E30: method | F30: void PlotBase::zoomAxis(double& lo, double& hi, double anchor, double factor) | G30: Zooms one axis about an anchor value, keeping the value under the pointer fixed. | H30: lo, hi, anchor, factor. | I30: lo, hi updated. | J30: span' = clamp((hi − lo)·factor, 1e−9, 1e15); frac = (anchor − lo)/(hi − lo); lo' = anchor − frac·span'; hi' = lo' + span' | K30: axis units | L30: wheelEvent (0.80 in / 1.25 out), zoomAtCentre, context menu | M30: kMinUsableSpan = 1e−9, kMaxUsableSpan = 1e15; no snap-back to data extent. Ignored if current span is non-finite or ≤ 0. | N30: SC | O30: 01_sdr_workstation_GUI/src/ui/PlotBase.cpp | P30: 451
A31: MATH-027 | B31: Math & DSP (host GUI) | C31: Display scaling | D31: sdr::ui::PlotBase::wheelEvent | E31: method | F31: void PlotBase::wheelEvent(QWheelEvent* e) | G31: Mouse-wheel zoom anchored at the cursor. | H31: wheel delta, modifiers, cursor position. | I31: view range. | J31: factor = 0.80 if delta > 0 else 1.25; X zoom unless Ctrl-only; Y zoom with Ctrl or Shift (if supported) | K31: - | L31: user interaction | M31: Each notch scales span by 0.8 / 1.25 (inverse pair). | N31: SC | O31: 01_sdr_workstation_GUI/src/ui/PlotBase.cpp | P31: 475
A32: MATH-028 | B32: Math & DSP (host GUI) | C32: Display scaling | D32: sdr::ui::PlotBase::mouseMoveEvent [pan] | E32: lambda/block | F32: const double dx = dxPix / r.width() * (m_panX1 - m_panX0); | G32: Drag-to-pan converts pixel displacement into axis displacement. | H32: drag Δpx, Δpy, saved view. | I32: view range. | J32: dx = Δpx/width·(x1 − x0); dy = Δpy/height·(y1 − y0); x' = x − dx; y' = y + dy | K32: axis units | L32: user interaction | N32: SC | O32: 01_sdr_workstation_GUI/src/ui/PlotBase.cpp | P32: 555
A33: MATH-029 | B33: Math & DSP (host GUI) | C33: Display scaling | D33: sdr::ui::PlotBase::emitReadout | E33: method | F33: void PlotBase::emitReadout() | G33: Marker readout including the delta between the last two markers. | H33: markers (≤ 4), traceValueAt. | I33: readout text. | J33: Δx = x_b − x_a; Δy = y(x_b) − y(x_a) for the last two markers | K33: axis units (Hz/dB on spectrum, µs on time plot) | L33: MainWindow status/readout | M33: Oldest marker dropped beyond 4 (Ctrl-click or context menu). | N33: SC | O33: 01_sdr_workstation_GUI/src/ui/PlotBase.cpp | P33: 650
A34: MATH-030 | B34: Math & DSP (host GUI) | C34: Display scaling | D34: sdr::ui::TimeDomainPlot::setFrame | E34: method | F34: void TimeDomainPlot::setFrame(const sdr::FrameResult& f) | G34: Loads I/Q traces, sets the time axis and applies a slow AGC to the Y scale. | H34: f.channels[].iq, f.blockSpanSec. | I34: m_spanUs (µs), m_yMax. | J34: spanUs = blockSpanSec·1e6; peak = max(0.1, max|I|, max|Q|); yMax ← 0.85·yMax + 0.15·(1.25·peak) | K34: µs, amplitude | L34: MainWindow::renderPending | M34: Y axis = ±yMax; X axis = 0 … spanUs. | N34: SC | O34: 01_sdr_workstation_GUI/src/ui/Plots.cpp | P34: 53
A35: MATH-031 | B35: Math & DSP (host GUI) | C35: Display scaling | D35: sdr::ui::TimeDomainPlot::traceValueAt | E35: method | F35: bool TimeDomainPlot::traceValueAt(double x, double& yOut) const | G35: Marker value lookup on the time plot (I component of first trace). | H35: x (µs). | I35: yOut (I amplitude). | J35: idx = ⌊clamp(x/spanUs, 0, 1)·(n − 1)⌋; y = Re(iq[idx]) | K35: amplitude | L35: emitReadout, marker crosshair | M35: No interpolation. | N35: SC | O35: 01_sdr_workstation_GUI/src/ui/Plots.cpp | P35: 90
A36: MATH-032 | B36: Math & DSP (host GUI) | C36: Display scaling | D36: sdr::ui::TimeDomainPlot::drawContent | E36: method | F36: void TimeDomainPlot::drawContent(QPainter& p, const QRect& r) | G36: Renders I/Q traces, switching to a per-pixel-column min/max envelope when dense. | H36: traces, view, rect. | I36: painted traces. | J36: step = spanUs/(n − 1); envelope if visible > 2·width; col = ⌊(t_n − x0)·w/(x1 − x0)⌋; per column draw [min, max] (bridged to previous column) | K36: px | L36: PlotBase::paintEvent | M36: Envelope preserves extremes and is O(width). | N36: SC | O36: 01_sdr_workstation_GUI/src/ui/Plots.cpp | P36: 102
A37: MATH-033 | B37: Math & DSP (host GUI) | C37: Display scaling | D37: sdr::ui::SpectrumPlot::formatX | E37: method | F37: QString SpectrumPlot::formatX(double v) const | G37: Spectrum axis labels in MHz with span-dependent precision. | H37: v (Hz). | I37: text (MHz). | J37: label = v/1e6 with decimals 1 if span ≥ 100 MHz, 2 if ≥ 10, 3 if ≥ 1, else 4 | K37: MHz | L37: drawAxes, readouts | M37: WaterfallPlot::formatX is identical. | N37: SC | O37: 01_sdr_workstation_GUI/src/ui/Plots.cpp | P37: 278
A38: MATH-034 | B38: Math & DSP (host GUI) | C38: Display scaling | D38: sdr::ui::SpectrumPlot::traceValueAt | E38: method | F38: bool SpectrumPlot::traceValueAt(double x, double& yOut) const | G38: Marker level lookup on the spectrum. | H38: x (Hz). | I38: yOut (dBFS). | J38: frac = (x − fMin)/(fMax − fMin); idx = ⌊frac·(n − 1)⌋; y = S[idx] | K38: dBFS | L38: emitReadout, marker crosshair | M38: False outside [0, 1]. Consistent with the (n − 1) bin spacing used in drawContent. | N38: SC | O38: 01_sdr_workstation_GUI/src/ui/Plots.cpp | P38: 293
A39: MATH-035 | B39: Math & DSP (host GUI) | C39: Display scaling | D39: sdr::ui::SpectrumPlot::drawContent | E39: method | F39: void SpectrumPlot::drawContent(QPainter& p, const QRect& r) | G39: Draws spectrum traces (max-per-pixel decimation), OBW band, peak markers, noise-floor line and metric box. | H39: traces, metrics, view. | I39: painted plot. | J39: binHz_plot = (fMax − fMin)/(n − 1); visible bins i0 = bin(x0 − binHz), i1 = bin(x1 + binHz); perPx = max(1, (i1 − i0 + 1)/width); vertex = max S over each group at f = fMin + (i + end)/2·binHz_plot | K39: px | L39: PlotBase::paintEvent | M39: Plot places bin k at fMin + k·Fs/(n − 1) whereas DspEngine assigns centre + (k − N/2)·Fs/N; positions differ by up to ≈ half a bin (DC bin drawn at f_c + Fs/(2(n − 1))). Info box shows Peak, Floor, SNR, OBW. | N39: SC | O39: 01_sdr_workstation_GUI/src/ui/Plots.cpp | P39: 306
A40: MATH-036 | B40: Math & DSP (host GUI) | C40: Display scaling | D40: sdr::ui::SpectrumPlot::drawContent [OBW overlay] | E40: lambda/block | F40: const double lo = m_centerHz - m.occupiedBwHz / 2.0; | G40: Shades the occupied bandwidth on the spectrum. | H40: metrics.occupiedBwHz, m_centerHz. | I40: shaded band. | J40: band = [f_c − OBW/2, f_c + OBW/2] | K40: Hz | L40: SpectrumPlot::drawContent | M40: Centred on the frame centre, not on the measured lo/hi bins, so an off-centre signal's band is drawn displaced. | N40: SC | O40: 01_sdr_workstation_GUI/src/ui/Plots.cpp | P40: 381
A41: MATH-037 | B41: Math & DSP (host GUI) | C41: Display scaling | D41: sdr::ui::WaterfallPlot::setDisplayConfig | E41: method | F41: void WaterfallPlot::setDisplayConfig(const sdr::DisplayConfig& cfg) | G41: Sets the waterfall colour range 20 dB inside the spectrum range and the history depth. | H41: cfg.floorDb, ceilDb, waterfallRows, colorMap. | I41: m_floorDb, m_ceilDb, m_rows. | J41: floor_wf = floorDb + 20; ceil_wf = ceilDb − 20; rows = max(32, waterfallRows) | K41: dBFS, rows | L41: MainWindow config | M41: Defaults give −110 … −10 dBFS and 320 rows. | N41: SC | O41: 01_sdr_workstation_GUI/src/ui/Plots.cpp | P41: 462
A42: MATH-038 | B42: Math & DSP (host GUI) | C42: Display scaling | D42: sdr::ui::WaterfallPlot::setFrame | E42: method | F42: void WaterfallPlot::setFrame(const sdr::FrameResult& f) | G42: Writes one waterfall row: column-wise peak of spectrum bins mapped through the colour map, into a ring buffer. | H42: active channel spectrum (N bins). | I42: one image row; ring head. | J42: cols = min(N, 2048); head = (head + rows − 1) mod rows; binsPerCol = N/cols; per column peak = max S[b] for b ∈ [⌊c·bpc⌋, min(N, ⌊(c+1)·bpc⌋ + 1)); t = (peak − floor_wf)/(ceil_wf − floor_wf); colour = rgb(t) | K42: dBFS → colour | L42: MainWindow::renderPending | M42: Range defaults to 1 if ceil ≤ floor; peak initial −200 dBFS. drawRing stitches the ring with two blits (topH = h·(rows − head)/rows). | N42: SC | O42: 01_sdr_workstation_GUI/src/ui/Plots.cpp | P42: 505
A43: MATH-039 | B43: Math & DSP (host GUI) | C43: Display scaling | D43: sdr::ui::WaterfallPlot::drawContent | E43: method | F43: void WaterfallPlot::drawContent(QPainter& p, const QRect& r) | G43: Maps the current frequency zoom onto image columns so the waterfall zooms with the spectrum. | H43: view x0, x1; data fMin, fMax; image width. | I43: source rect of history image. | J43: u0 = clamp((x0 − fMin)/span, 0, 1); u1 = clamp((x1 − fMin)/span, 0, 1); sx0 = u0·W; sx1 = max(sx0 + 1, u1·W) | K43: image px | L43: PlotBase::paintEvent | N43: SC | O43: 01_sdr_workstation_GUI/src/ui/Plots.cpp | P43: 565
A44: MATH-040 | B44: Math & DSP (host GUI) | C44: Display scaling | D44: sdr::ui::WaterfallPlot::drawColorBar | E44: method | F44: void WaterfallPlot::drawColorBar(QPainter& p, const QRect& r) const | G44: Colour bar with dB labels. | H44: m_floorDb, m_ceilDb, colour map. | I44: painted bar. | J44: gradient stops at i/16 (i = 0..16); labels v_i = floor_wf + (ceil_wf − floor_wf)·i/4, i = 0..4 | K44: dBFS | L44: WaterfallPlot::drawContent | N44: SC | O44: 01_sdr_workstation_GUI/src/ui/Plots.cpp | P44: 587
A45: MATH-041 | B45: Math & DSP (host GUI) | C45: Display scaling | D45: sdr::ui::ConstellationPlot::setFrame | E45: method | F45: void ConstellationPlot::setFrame(const sdr::FrameResult& f) | G45: Accumulates constellation points into a decaying density grid and renders it through the colour map. | H45: symbols, disp.persistence, persistDecay. | I45: m_density, m_image. | J45: decay = persistence ? clamp(persistDecay, 0, 0.995) : 0; D ← D·decay; gx = int(128 + I/1.6·128), gy = int(128 − Q/1.6·128); 3×3 splat: centre +1.0, neighbours +0.35; t = √(D/max(1, max D)); colour = t < 0.02 ? black : rgb(t) | K45: density → colour | L45: MainWindow::renderPending | M45: Points with gx or gy outside [1, 254] are dropped (|I| or |Q| ≳ 1.59). Channel change clears the grid. | N45: SC | O45: 01_sdr_workstation_GUI/src/ui/Plots.cpp | P45: 635
A46: MATH-042 | B46: Math & DSP (host GUI) | C46: Display scaling | D46: sdr::ui::ConstellationPlot::drawContent | E46: method | F46: void ConstellationPlot::drawContent(QPainter& p, const QRect& r) | G46: Draws the zoomed sub-region of the density image, axes, unit circle and EVM/RMS/phase/DC box. | H46: view, m_image, metrics. | I46: painted plot. | J46: u = (x + 1.6)/3.2, v = (1.6 − y)/3.2 for the view corners; src = [u0·256, v0·256, max(1, (u1 − u0)·256), max(1, (v1 − v0)·256)]; unit circle radius = px(1) − px(0) | K46: px | L46: PlotBase::paintEvent | M46: contentRect keeps the plot square (side = min(w, h)). EVM shown ×100 %. | N46: SC | O46: 01_sdr_workstation_GUI/src/ui/Plots.cpp | P46: 691
A47: MATH-043 | B47: Math & DSP (host GUI) | C47: Display scaling | D47: sdr::ui::SpectrumPlot::dataXMin | E47: inline | F47: double dataXMin() const override { return m_centerHz - m_spanHz / 2.0; } | G47: Spectrum X-axis extent (dataXMax = centre + span/2). | H47: m_centerHz (frame.centerFreqHz), m_spanHz (frame.displayRateHz). | I47: Hz. | J47: x ∈ [f_c − Fs/2, f_c + Fs/2]; Y ∈ [disp.floorDb, disp.ceilDb] | K47: Hz, dBFS | L47: PlotBase view sync, SpectrumPlot drawing | M47: WaterfallPlot uses the same X extent. | N47: SC | O47: 01_sdr_workstation_GUI/src/ui/Plots.h | P47: 76
A48: MATH-044 | B48: Math & DSP (host GUI) | C48: Display scaling | D48: sdr::ui::ConstellationPlot::kGrid | E48: constant | F48: static constexpr int kGrid = 256; | G48: Resolution of the constellation density image. | H48: - | I48: 256 | K48: cells per side | L48: ConstellationPlot::setFrame/drawContent | N48: SC | O48: 01_sdr_workstation_GUI/src/ui/Plots.h | P48: 163
A49: MATH-045 | B49: Math & DSP (host GUI) | C49: Display scaling | D49: sdr::ui::ConstellationPlot::m_axisMax | E49: constant | F49: float m_axisMax = 1.6f; | G49: Half-range of the constellation I/Q axes. | H49: - | I49: 1.6 | J49: axes span ±1.6 (unit-RMS constellation) | K49: normalised amplitude | L49: ConstellationPlot::setFrame/drawContent, dataXMin/Max | N49: SC | O49: 01_sdr_workstation_GUI/src/ui/Plots.h | P49: 170
A50: MATH-046 | B50: Math & DSP (host GUI) | C50: FFT | D50: DspEngine::computeSpectrum | E50: method | F50: void DspEngine::computeSpectrum(const IQBlock& in, ChannelState& st, ChannelFrame& out) | G50: Windowed FFT power spectrum in dBFS (CPU or GPU offload), fftshifted, followed by the selected averaging mode. | H50: in: first N DDC'd samples; st: per-channel averaging state; disp.fftSize N, disp.average, averageAlpha, averageCount. | I50: out.spectrum: N floats, dBFS, DC-centred. | J50: scale = 1/(G²·0.25), G = Σw; P[k] = |FFT(x·w)[k]|²; S[k] = 10·log10(max(P[k]·scale, 1e−20)); fftShift; then averaging | K50: dBFS | L50: DspEngine::processBlock → computeMetrics, SpectrumPlot, WaterfallPlot | M50: Derived from the scale: a real sinusoid of peak A gives |X| ≈ A·G/2 → 20·log10(A) dBFS (0 dBFS at A = 1); a complex exponential of magnitude A gives |X| = A·G → 20·log10(A) + 6.02 dBFS. GPU path (GpuFft::powerSpectrum) returns only |X|²; dBFS, shift and averaging are shared code. AverageMode::None: avg = S. Returns if in.size() < N or window size ≠ N. | N50: SC | O50: 01_sdr_workstation_GUI/src/core/DspEngine.cpp | P50: 308
A51: MATH-047 | B51: Math & DSP (host GUI) | C51: FFT | D51: sdr::dsp::kPi | E51: constant | F51: constexpr double kPi = 3.14159265358979323846; | G51: Double-precision pi used by the FFT twiddles, windows, DDC phase and constellation maths. | H51: - | I51: 3.14159265358979323846 | J51: π = 3.14159265358979323846 | K51: rad | L51: fftInPlace, makeWindow, DspEngine::applyDdc, computeConstellation, computeMetrics, SimulatedSource::produce | M51: Waveform.h defines its own sdr::wave::kTwoPi; GpuMathRef.h uses M_PI. | N51: SC | O51: 01_sdr_workstation_GUI/src/core/Fft.h | P51: 9
A52: MATH-048 | B52: Math & DSP (host GUI) | C52: FFT | D52: sdr::dsp::fftInPlace | E52: inline | F52: inline void fftInPlace(std::vector<cf32>& a) | G52: In-place iterative radix-2 decimation-in-time complex FFT used by the CPU spectrum path. | H52: a: std::vector<complex<float>> of length N (power of two; N < 2 returns unchanged). | I52: a overwritten with X[k], k = 0..N−1 (bin 0 = DC, not shifted, not normalised). | J52: X[k] = Σ_{n=0}^{N−1} x[n]·e^(−j2πkn/N). Bit-reversal permutation, then log2(N) stages: for len = 2,4,…,N, w_len = e^(−j2π/len); butterfly u = a[i+k], v = a[i+k+len/2]·w; a[i+k] = u+v, a[i+k+len/2] = u−v; w ← w·w_len. | K52: linear complex (unnormalised) | L52: DspEngine::computeSpectrum (CPU path) | M52: No power-of-two check (caller passes disp.fftSize). Twiddle advanced by repeated float multiplication (w *= wLen), so rounding grows with stage length. No 1/N scaling: level calibration is done afterwards with the window coherent gain. | N52: SC | O52: 01_sdr_workstation_GUI/src/core/Fft.h | P52: 14
A53: MATH-049 | B53: Math & DSP (host GUI) | C53: FFT | D53: sdr::dsp::fftShift | E53: inline | F53: template <typename T> inline void fftShift(std::vector<T>& v) | G53: Rotates the FFT output so DC moves from index 0 to the centre (−Fs/2 … +Fs/2 ordering). | H53: v: vector of length N. | I53: v rotated in place. | J53: out[i] = in[(i + ⌊N/2⌋) mod N]; DC lands at index N/2. | K53: - | L53: DspEngine::computeSpectrum | M53: std::rotate by N/2; no-op for N < 2. For even N bin N/2 is DC and bin 0 is −Fs/2. | N53: SC | O53: 01_sdr_workstation_GUI/src/core/Fft.h | P53: 122
A54: MATH-050 | B54: Math & DSP (host GUI) | C54: GPU | D54: sdr::GpuFft::setWindow | E54: method | F54: bool GpuFft::setWindow(const float* w, std::size_t n, QString* err) | G54: Allocates device buffers / cuFFT plan for size n and uploads the window only when it changed. | H54: w (window), n. | I54: true on success. | J54: valid iff n ≥ 2 and (n & (n − 1)) = 0 (power of two) | K54: - | L54: DspEngine::computeSpectrum (every frame) | M54: Reallocates and re-plans (cufftPlan1d C2C) only when n changes. | N54: SC | O54: 01_sdr_workstation_GUI/src/core/GpuFft.cpp | P54: 110
A55: MATH-051 | B55: Math & DSP (host GUI) | C55: GPU | D55: sdr::GpuFft::powerSpectrum | E55: method | F55: bool GpuFft::powerSpectrum(const std::complex<float>* in, std::size_t n, float* powerOut, QString* err) | G55: GPU window + forward FFT + |X|²; returns the power vector to the CPU. | H55: in (n complex samples), n. | I55: powerOut[k] = |X[k]|²; m_lastMs. | J55: P[k] = |Σ x[n]·w[n]·e^(−j2πkn/N)|² (cufftExecC2C CUFFT_FORWARD, unnormalised) | K55: linear power | L55: DspEngine::computeSpectrum | M55: Staged through pinned host memory. m_lastMs = elapsed ns / 1e6. | N55: SC | O55: 01_sdr_workstation_GUI/src/core/GpuFft.cpp | P55: 154
A56: MATH-052 | B56: Math & DSP (host GUI) | C56: GPU | D56: sdr::GpuIqPipeline::setFftSize | E56: method | F56: bool GpuIqPipeline::setFftSize(int n, QString* err) | G56: Configures the GPUDirect spectrum: buffers, cuFFT plan, device Hann window and host-computed coherent gain. | H56: n. | I56: d->cg, m_fftSize. | J56: valid iff n ≥ 64 and power of two; cg = coherentGain(hann(n)) = Σw/N | K56: - | L56: GpuIqPipeline::open | M56: Impl::cg defaults to 0.5 until computed. | N56: SC | O56: 01_sdr_workstation_GUI/src/core/GpuIqPipeline.cpp | P56: 141
A57: MATH-053 | B57: Math & DSP (host GUI) | C57: GPU | D57: sdr::GpuIqPipeline::nextSpectrum | E57: method | F57: bool GpuIqPipeline::nextSpectrum(quint64 writeCount, QVector<float>* out, QString* err) | G57: Computes a dBFS spectrum from the newest slot of the GPUDirect ring, counting skipped frames. | H57: writeCount (ring producer count). | I57: out (dBFS, shifted); stats. | J57: skipped = (writeCount − lastCount) − 1; slot = (writeCount − 1) mod numSlots; src = ipcBase + slot·slotStride; then convert/window → FFT → 20·log10(|X|/(N·cg)) | K57: dBFS | L57: GPUDirect display path | M57: No-op if writeCount is 0 or unchanged. Only the N-float spectrum crosses PCIe. lastFftMs = ns/1e6. | N57: SC | O57: 01_sdr_workstation_GUI/src/core/GpuIqPipeline.cpp | P57: 188
A58: MATH-054 | B58: Math & DSP (host GUI) | C58: GPU | D58: kFullScale14 | E58: constant | F58: __device__ __constant__ float kFullScale14 = 32764.0f; | G58: Device-side copy of the int16 full scale; must equal sdr::gpumath::kFullScale14. | H58: - | I58: 32764 | J58: 8191 << 2 | K58: int16 code | L58: k_convert_window | N58: SC | O58: 01_sdr_workstation_GUI/src/core/GpuKernels.cu | P58: 25
A59: MATH-055 | B59: Math & DSP (host GUI) | C59: GPU | D59: k_hann | E59: kernel | F59: __global__ void k_hann(float* __restrict__ w, int n) | G59: CUDA kernel generating the Hann window on the device. | H59: w (device), n. | I59: w[i]. | J59: w[i] = 0.5 − 0.5·cos(2πi/(N−1)); N = 1 → 1 | K59: dimensionless | L59: sdr_gpu_hann ← GpuIqPipeline::setFftSize | M59: Uses __cosf (fast intrinsic) — may differ from the host reference in the last bits. Launch: 256 threads/block, ⌈n/256⌉ blocks. | N59: SC | O59: 01_sdr_workstation_GUI/src/core/GpuKernels.cu | P59: 31
A60: MATH-056 | B60: Math & DSP (host GUI) | C60: GPU | D60: k_convert_window | E60: kernel | F60: __global__ void k_convert_window(const short* __restrict__ iq, const float* __restrict__ w, cufftComplex* __restrict__ out, int n) | G60: Converts int16 I/Q from the GPUDirect ring (VRAM) to windowed normalised cufftComplex. | H60: iq (device ring slot), w, n. | I60: out[i]. | J60: out[i] = (iq[2i]/32764·w[i]) + j·(iq[2i+1]/32764·w[i]) | K60: normalised | L60: sdr_gpu_convert_window ← GpuIqPipeline::nextSpectrum | M60: Launch: 256 threads/block, ⌈n/256⌉ blocks. | N60: SC | O60: 01_sdr_workstation_GUI/src/core/GpuKernels.cu | P60: 44
A61: MATH-057 | B61: Math & DSP (host GUI) | C61: GPU | D61: k_mag_db_shift | E61: kernel | F61: __global__ void k_mag_db_shift(const cufftComplex* __restrict__ in, float* __restrict__ db, int n, float cg) | G61: |X| → dBFS with FFT-length and coherent-gain normalisation, fused with fftshift. | H61: in (FFT output), n, cg. | I61: db[i] (dBFS, DC-centred). | J61: src = i < N/2 ? i + N/2 : i − N/2; db[i] = 20·log10(max(|X[src]|/(N·cg), 1e−10)) | K61: dBFS | L61: sdr_gpu_mag_db_shift ← GpuIqPipeline::nextSpectrum | M61: Uses __log10f (fast intrinsic). Launch: 256 threads/block. | N61: SC | O61: 01_sdr_workstation_GUI/src/core/GpuKernels.cu | P61: 62
A62: MATH-058 | B62: Math & DSP (host GUI) | C62: GPU | D62: k_window_cf32 | E62: kernel | F62: __global__ void k_window_cf32(const cufftComplex* __restrict__ in, const float* __restrict__ w, cufftComplex* __restrict__ out, int n) | G62: Window multiply for DspEngine's GPU offload path. | H62: in (complex float), w, n. | I62: out[i]. | J62: out[i] = in[i]·w[i] | K62: linear | L62: sdr_gpu_window_cf32 ← GpuFft::powerSpectrum | M62: Launch: 256 threads/block. | N62: SC | O62: 01_sdr_workstation_GUI/src/core/GpuKernels.cu | P62: 84
A63: MATH-059 | B63: Math & DSP (host GUI) | C63: GPU | D63: k_power | E63: kernel | F63: __global__ void k_power(const cufftComplex* __restrict__ in, float* __restrict__ p, int n) | G63: Bin power |X|² for DspEngine's GPU offload path (matches the CPU expression). | H63: in (FFT output), n. | I63: p[i]. | J63: p[i] = re² + im² | K63: linear power | L63: sdr_gpu_power ← GpuFft::powerSpectrum → DspEngine::computeSpectrum (toDbfs) | M63: dBFS scaling, fftshift and averaging stay on the CPU so CPU/GPU readings match. Launch: 256 threads/block. | N63: SC | O63: 01_sdr_workstation_GUI/src/core/GpuKernels.cu | P63: 95
A64: MATH-060 | B64: Math & DSP (host GUI) | C64: GPU | D64: sdr::gpumath::kFullScale14 | E64: constant | F64: constexpr float kFullScale14 = 32764.0f; | G64: Full scale of the RFSoC int16 wire word (14-bit sample MSB-aligned) for the GPUDirect spectrum path. | H64: - | I64: 32764 | J64: 8191 << 2 = 32764 | K64: int16 code | L64: convertAndWindow, k_convert_window (device copy) | M64: The code comment says 32767 would read 0.08 dB low; the actual difference 20·log10(32767/32764) is ≈ 0.0008 dB. codec::readScalar (Cs16) divides by 32768 instead. | N64: SC | O64: 01_sdr_workstation_GUI/src/core/GpuMathRef.h | P64: 31
A65: MATH-061 | B65: Math & DSP (host GUI) | C65: GPU | D65: sdr::gpumath::hann | E65: inline | F65: inline void hann(std::vector<float>& w, int n) | G65: Host reference of the Hann window used by the GPUDirect spectrum pipeline. | H65: n: length. | I65: w[0..n−1]. | J65: w[i] = 0.5 − 0.5·cos(2πi/(N−1)); N = 1 → w = 1 | K65: dimensionless | L65: GpuIqPipeline::setFftSize (coherent gain), unit tests; mirrored by k_hann | M65: The (N−1) denominator is the symmetric form (numpy.hanning), although the comment calls it periodic. Float arithmetic. | N65: SC | O65: 01_sdr_workstation_GUI/src/core/GpuMathRef.h | P65: 35
A66: MATH-062 | B66: Math & DSP (host GUI) | C66: GPU | D66: sdr::gpumath::coherentGain | E66: inline | F66: inline float coherentGain(const std::vector<float>& w) | G66: Coherent gain of a window as the mean coefficient. | H66: w. | I66: cg (dimensionless). | J66: cg = Σw[n] / N (1.0 if empty) | K66: dimensionless | L66: GpuIqPipeline::setFftSize → k_mag_db_shift | M66: Differs in definition from dsp::windowSum (sum, not mean); ≈ 0.4998 for Hann at N = 2048. | N66: SC | O66: 01_sdr_workstation_GUI/src/core/GpuMathRef.h | P66: 47
A67: MATH-063 | B67: Math & DSP (host GUI) | C67: GPU | D67: sdr::gpumath::convertAndWindow | E67: inline | F67: inline void convertAndWindow(const int16_t* iq, int n, const std::vector<float>& w, std::vector<float>& reOut, std::vector<float>& imOut) | G67: Host reference: int16 interleaved I/Q → normalised, windowed complex float. | H67: iq (2n int16), n, w. | I67: reOut, imOut. | J67: re[i] = (iq[2i]/32764)·w[i]; im[i] = (iq[2i+1]/32764)·w[i] | K67: normalised | L67: unit tests; mirrored by k_convert_window | N67: SC | O67: 01_sdr_workstation_GUI/src/core/GpuMathRef.h | P67: 56
A68: MATH-064 | B68: Math & DSP (host GUI) | C68: GPU | D68: sdr::gpumath::binToDbfs | E68: inline | F68: inline float binToDbfs(float re, float im, int n, float cg) | G68: Host reference: FFT bin → dBFS with FFT length and coherent gain divided out. | H68: re, im (FFT bin), n, cg. | I68: dBFS. | J68: dB = 20·log10(max(√(re² + im²)/(N·cg), 1e−10)) | K68: dBFS | L68: unit tests; mirrored by k_mag_db_shift | M68: 1e−10 floor ⇒ −200 dBFS. A complex tone of magnitude 1 reads 0 dBFS here, whereas DspEngine::computeSpectrum's scale reads such a tone at +6.02 dBFS (it calibrates a real sinusoid to 0 dBFS). | N68: SC | O68: 01_sdr_workstation_GUI/src/core/GpuMathRef.h | P68: 75
A69: MATH-065 | B69: Math & DSP (host GUI) | C69: GPU | D69: sdr::gpumath::fftshift | E69: inline | F69: inline void fftshift(std::vector<float>& v) | G69: Host reference fftshift (bin 0 to centre). | H69: v (length N). | I69: v shifted. | J69: out = [v[N/2 … N−1], v[0 … N/2−1]] | K69: - | L69: unit tests; mirrored inside k_mag_db_shift | M69: Matches cp.fft.fftshift for even N. | N69: SC | O69: 01_sdr_workstation_GUI/src/core/GpuMathRef.h | P69: 84
A70: MATH-066 | B70: Math & DSP (host GUI) | C70: Loopback verification | D70: sdr::ui::ControlWindow3D::onRfdcSnapshot | E70: method | F70: void ControlWindow3D::onRfdcSnapshot(const QVariantMap& v) | G70: Converts the firmware readback snapshot to engineering units and caches the device rates/NCOs used by the chain view. | H70: readback map (integer fixed-point fields). | I70: widget values; m_devDacStream, m_devAdcStream (MSPS), m_devDacNco, m_devAdcNco (MHz), m_devAdcQmc. | J70: nco_khz (signed)/1000 → MHz; dds_hz/1e6 → MHz; dsa_db10/10 → dB; vop_ua/1000 → mA; qmc_10000/10000; stream_khz/1000 → MHz; axis nibble i = (axis >> 4i) & 0xF | K70: MHz, dB, mA, MSPS | L70: refreshChain, rxTrueHz, expectedRxHz, IQ generator rate (follows dac_stream_khz) | M70: QMC gain < 0.05 is flagged as muting the capture. | N70: SC | O70: 01_sdr_workstation_GUI/src/ui/ControlWindow3D.cpp | P70: 764
A71: MATH-067 | B71: Math & DSP (host GUI) | C71: Loopback verification | D71: sdr::ui::ControlWindow3D::onRfdcSnapshot [decimation processing-gain advisory] | E71: lambda/block | F71: if (has("decimation")) { | G71: Warns when running below the boot decimation, quantifying the lost processing gain. | H71: readback decimation D, PCIE_DEF_DECIMATION (24). | I71: advisory text. | J71: gain_dB = 10·log10(D_boot); ENOB loss = 10·log10(D_boot)/6.02 (D_boot = 24 → 13.8 dB, 2.3 bits) | K71: dB, bits | L71: RFDC tab log | M71: Triggered only when D ≤ 1 and the boot decimation > 1. | N71: SC | O71: 01_sdr_workstation_GUI/src/ui/ControlWindow3D.cpp | P71: 849
A72: MATH-068 | B72: Math & DSP (host GUI) | C72: Loopback verification | D72: sdr::ui::ControlWindow3D::rxTrueHz | E72: method | F72: double ControlWindow3D::rxTrueHz(double displayedHz) const | G72: Rescales a displayed frequency to the true frequency when the display assumes a different rate than the device ADC stream. | H72: displayedHz (Hz); m_devAdcStream (MSPS, readback); m_rxRate (Hz, from setReceivedPeak). | I72: Hz. | J72: f_true = f_disp·(f_ADCstream·1e6)/rxRate (if both > 0, else f_disp) | K72: Hz | L72: setReceivedPeak (loop-check samples), refreshChain received-tone check | M72: MainWindow passes rxRate = acq.sampleRateHz() and baseband = peakFreqHz − centerFreqHz. Example from code: 15 MHz read at 250 MSPS for a 200 MSPS stream shows as 18.75 MHz. | N72: SC | O72: 01_sdr_workstation_GUI/src/ui/ControlWindow3D.cpp | P72: 2023
A73: MATH-069 | B73: Math & DSP (host GUI) | C73: Loopback verification | D73: sdr::ui::ControlWindow3D::expectedRxHz | E73: method | F73: double ControlWindow3D::expectedRxHz(double txHz) const | G73: Baseband frequency magnitude the ADC should see for a transmitted baseband tone, through the DAC and ADC NCOs. | H73: txHz (Hz); m_devDacNco, m_devAdcNco (MHz). | I73: Hz (magnitude). | J73: f_RF = f_DACNCO + f_tx; f_exp = |f_tx + (f_DACNCO − f_ADCNCO)·1e6| (|f_tx| if NCOs unknown) | K73: Hz | L73: refreshChain (isHost / isDds), finishLoopCheck (DDS identification) | M73: Magnitude compared because Nyquist zone may invert the spectrum. | N73: SC | O73: 01_sdr_workstation_GUI/src/ui/ControlWindow3D.cpp | P73: 2032
A74: MATH-070 | B74: Math & DSP (host GUI) | C74: Loopback verification | D74: sdr::ui::ControlWindow3D::setReceivedPeak | E74: method | F74: void ControlWindow3D::setReceivedPeak(double basebandHz, double dbfs, bool toneValid, double inputRateHz, double binHz) | G74: Receives the measured peak from the receiver and collects corrected samples during loop-check measurement steps. | H74: basebandHz, dbfs, toneValid, inputRateHz, binHz. | I74: m_rxHz, m_rxDb, m_rxRate, m_rxBin; m_lcSamples. | J74: during loop-check steps 2/4 with toneValid: samples ← rxTrueHz(basebandHz) | K74: Hz | L74: MainWindow::renderPending (every kTableUpdateMs; binHz = displayRateHz/fftSize) | N74: SC | O74: 01_sdr_workstation_GUI/src/ui/ControlWindow3D.cpp | P74: 2040
A75: MATH-071 | B75: Math & DSP (host GUI) | C75: Loopback verification | D75: sdr::ui::ControlWindow3D::refreshChain | E75: method | F75: void ControlWindow3D::refreshChain() | G75: Live transmit-chain view: DAC source, DAC/ADC rates, NCO/RF, H2C link, helper, C2H capture and received-tone identification. | H75: genConfig, device cache, link/capture/receive measurements. | I75: status labels. | J75: rate match: |fs_gen/1e6 − f_DACstream| < 1e−3 MSPS; display match: |rxRate/1e6 − f_ADCstream| < 1e−3; QMC zero: 0 ≤ g < 0.05 (see block rows for RF, link, capture and received-tone maths) | K75: MSPS, MHz, MiB/s | L75: called on every relevant state change | N75: SC | O75: 01_sdr_workstation_GUI/src/ui/ControlWindow3D.cpp | P75: 2105
A76: MATH-072 | B76: Math & DSP (host GUI) | C76: Loopback verification | D76: sdr::ui::ControlWindow3D::refreshChain [received-tone identification] | E76: lambda/block | F76: const double tol = std::max(2.5 * m_rxBin * k, 50e3); | G76: Decides whether the received tone is the generator's, the DDS's, or neither. | H76: m_rxHz, m_rxBin, m_rxRate, device ADC stream, txHz, DDS (MHz). | I76: label + colour. | J76: k = f_ADCstream·1e6/rxRate (1 if unknown); f_rx = rxTrueHz(m_rxHz); tol = max(2.5·binHz·k, 50 kHz); isHost = ||f_rx| − expectedRxHz(f_tx)| < tol; isDds = ||f_rx| − expectedRxHz(f_DDS)| < tol; inverted = sign(f_rx) ≠ sign(f_tx) | K76: Hz | L76: refreshChain | M76: Receive data considered stale after 2000 ms. | N76: SC | O76: 01_sdr_workstation_GUI/src/ui/ControlWindow3D.cpp | P76: 2274
A77: MATH-073 | B77: Math & DSP (host GUI) | C77: Loopback verification | D77: sdr::ui::ControlWindow3D::loopCheckTick | E77: method | F77: void ControlWindow3D::loopCheckTick() | G77: State machine of the loopback verification: settle, measure tone A, step the generator, settle, measure tone B. | H77: generator state, collected samples. | I77: m_lcTxA/B, m_lcPa/Pb; generator tone change. | J77: P = median(samples) = sorted[⌊n/2⌋]; half = 0.4·min(fs_gen, rxRate); step = 7.3 MHz, negated if |f_A + step| > half; step ×1.6 if ||f_A + step| − f_DDS| < 1 MHz | K77: Hz | L77: m_lcTimer | N77: SC | O77: 01_sdr_workstation_GUI/src/ui/ControlWindow3D.cpp | P77: 2329
A78: MATH-074 | B78: Math & DSP (host GUI) | C78: Loopback verification | D78: sdr::ui::ControlWindow3D::loopCheckTick::kSettleMs, kMeasureMs, kStartMs | E78: constant | F78: constexpr int kSettleMs = 1500, kMeasureMs = 1200, kStartMs = 8000; | G78: Loop-check timing: settle after a tone change, measurement window, and generator start timeout. | H78: - | I78: 1500, 1200, 8000 | K78: ms | L78: loopCheckTick | N78: SC | O78: 01_sdr_workstation_GUI/src/ui/ControlWindow3D.cpp | P78: 2331
A79: MATH-075 | B79: Math & DSP (host GUI) | C79: Loopback verification | D79: sdr::ui::ControlWindow3D::finishLoopCheck | E79: method | F79: void ControlWindow3D::finishLoopCheck() | G79: Verdict of the loopback check: does the received tone move by the same amount as the transmitted one? | H79: m_lcTxA/B (Hz), m_lcPa/Pb (Hz), m_rxBin, device ADC stream, m_rxRate. | I79: verdict text + colour. | J79: ΔTx = f_TxB − f_TxA; ΔRx = P_B − P_A; k = f_ADCstream·1e6/rxRate; tol = max(3·binHz·k, 0.01·|ΔTx|); verified if ||ΔRx| − |ΔTx|| ≤ tol (inverted if ΔRx·ΔTx < 0); not moved if |ΔRx| < tol; else rate mismatch | K79: Hz | L79: loopCheckTick (step 4) | M79: Fails if fewer than 3 B-samples or P_A = 0. When not moved, checks |P_A| against expectedRxHz(f_DDS) within tol to identify the DDS. | N79: SC | O79: 01_sdr_workstation_GUI/src/ui/ControlWindow3D.cpp | P79: 2388
A80: MATH-076 | B80: Math & DSP (host GUI) | C80: Modulation / EVM | D80: sdr::kMaxSymbols | E80: constant | F80: constexpr int kMaxSymbols = 3000; // points handed to the constellation | G80: Upper bound on constellation points gathered per frame. | H80: - | I80: 3000 | K80: points | L80: DspEngine::computeConstellation | N80: SC | O80: 01_sdr_workstation_GUI/src/core/DspEngine.cpp | P80: 28
A81: MATH-077 | B81: Math & DSP (host GUI) | C81: Modulation / EVM | D81: DspEngine::idealLevels | E81: method | F81: std::vector<float> DspEngine::idealLevels(Modulation m) | G81: Per-axis ideal slicer levels for unit-average-power QPSK / 16-QAM / 64-QAM constellations. | H81: m: Modulation (acq.modulation). | I81: Vector of per-axis levels. | J81: QPSK: ±0.70711; 16-QAM: k/3.16228 (√10), k ∈ {−3,−1,1,3}; 64-QAM: k/6.48074 (√42), k ∈ {−7,−5,…,7} | K81: normalised amplitude | L81: computeMetrics (EVM slicer) | M81: Default branch (incl. NoiseOnly) returns the 16-QAM set. Mean power of each constellation = 1. | N81: SC | O81: 01_sdr_workstation_GUI/src/core/DspEngine.cpp | P81: 422
A82: MATH-078 | B82: Math & DSP (host GUI) | C82: Modulation / EVM | D82: DspEngine::computeConstellation | E82: method | F82: void DspEngine::computeConstellation(const IQBlock& in, ChannelFrame& out) const | G82: Builds the displayed constellation: envelope-gated symbol picks, Viterbi-Viterbi residual-rotation removal, 4th-power static phase alignment, RMS normalisation; reports residual carrier. | H82: in: analysis window after DDC; m_lastDisplayRate Fs (Hz). | I82: out.symbols (normalised cf32), out.metrics.residualHz (Hz), residualValid = false (decided later), metrics.rms. | J82: see block rows: envelope gate → stepPerPoint = arg(Σ r_i⁴·conj(r_{i−1}⁴))/4 → φ0 = arg(−Σ s⁴)/4 → symbols = s·(1/rms)·e^(−jφ0) | K82: normalised amplitude, Hz | L82: DspEngine::processBlock → ConstellationPlot, computeMetrics (EVM etc.) | M82: Returns early if in.size() < 64 or fewer than 16 gated symbols. 4th-power method leaves a π/2 ambiguity. | N82: SC | O82: 01_sdr_workstation_GUI/src/core/DspEngine.cpp | P82: 443
A83: MATH-079 | B83: Math & DSP (host GUI) | C83: Modulation / EVM | D83: DspEngine::computeConstellation::sps | E83: constant | F83: constexpr int sps = 4; | G83: Fixed samples-per-symbol used for placeholder symbol timing. | H83: - | I83: 4 | J83: symbols taken at i = 0, 4, 8, … (offset 0) | K83: samples/symbol | L83: computeConstellation; residualHz scaling | M83: Placeholder for Gardner / Mueller-Muller timing recovery (per code comment). Simulator also uses m_sps = 4. | N83: SC | O83: 01_sdr_workstation_GUI/src/core/DspEngine.cpp | P83: 447
A84: MATH-080 | B84: Math & DSP (host GUI) | C84: Modulation / EVM | D84: DspEngine::computeConstellation::envWindow | E84: constant | F84: constexpr int envWindow = 32; | G84: Length of the moving power window used to build the burst envelope. | H84: - | I84: 32 | J84: env[i] = √(Σ_{m=i}^{i+31}|x[m]|² / 32) | K84: samples | L84: computeConstellation | M84: Also requires in.size() ≥ 64. | N84: SC | O84: 01_sdr_workstation_GUI/src/core/DspEngine.cpp | P84: 448
A85: MATH-081 | B85: Math & DSP (host GUI) | C85: Modulation / EVM | D85: DspEngine::computeConstellation [envelope gate] | E85: lambda/block | F85: std::vector<float> env(in.size(), 0.0f); | G85: Smoothed magnitude envelope locates the burst so inner QAM points are not discarded; symbols picked every sps samples where the envelope exceeds 65 % of its peak. | H85: in samples. | I85: raw symbol list (≤ 3000). | J85: env[i] = √(Σ_{m=i}^{i+31}|x[m]|² / 32) (running sum); gate = 0.65·max(env); pick x[i] for i = 0, 4, 8, … while env[i] > gate | K85: normalised amplitude | L85: computeConstellation | M85: Running sum updated as acc += |x[i+32]|² − |x[i]|². | N85: SC | O85: 01_sdr_workstation_GUI/src/core/DspEngine.cpp | P85: 456
A86: MATH-082 | B86: Math & DSP (host GUI) | C86: Modulation / EVM | D86: DspEngine::computeConstellation [Viterbi-Viterbi residual frequency] | E86: lambda/block | F86: rotAcc += (a * a) * std::conj(b * b); // r^4 * conj(prev^4) | G86: Modulation-stripped estimate of residual carrier rotation per symbol, then de-rotation. | H86: raw symbols r[i]. | I86: stepPerPoint (rad/symbol); flat[i] = r[i]·e^(−j·step·i) when |step| > 1e−3. | J86: rotAcc = Σ_{i≥1} r[i]⁴·conj(r[i−1]⁴); step = arg(rotAcc)/4 | K86: rad/symbol | L86: computeConstellation | M86: Unambiguous only for |step| < 45°/point, i.e. |f_offset| < Fs/(8·sps) (6.25 MHz at 200 MSPS, sps 4). | N86: SC | O86: 01_sdr_workstation_GUI/src/core/DspEngine.cpp | P86: 500
A87: MATH-083 | B87: Math & DSP (host GUI) | C87: Modulation / EVM | D87: DspEngine::computeConstellation::kMinRot | E87: constant | F87: constexpr float kMinRot = 1e-3f; // ~0.06 deg/point | G87: Minimum estimated per-symbol rotation for de-rotation to be applied. | H87: - | I87: 1e−3 rad/point (≈0.057°/point) | J87: derotate = |stepPerPoint| > 1e−3 | K87: rad/symbol | L87: computeConstellation | N87: SC | O87: 01_sdr_workstation_GUI/src/core/DspEngine.cpp | P87: 511
A88: MATH-084 | B88: Math & DSP (host GUI) | C88: Modulation / EVM | D88: DspEngine::computeConstellation [4th-power static phase] | E88: lambda/block | F88: const float phi0 = std::arg(-phaseAcc) / 4.0f; | G88: Static constellation phase via the 4th-power method on the de-rotated symbols. | H88: flat symbols s[i]. | I88: φ0 (rad). | J88: φ0 = arg(−Σ s[i]⁴)/4 | K88: rad | L88: computeConstellation | M88: Negation keeps the argument near 0 for square QAM/QPSK (fourth moment real negative), avoiding branch-cut flips; π/2 ambiguity remains. | N88: SC | O88: 01_sdr_workstation_GUI/src/core/DspEngine.cpp | P88: 521
A89: MATH-085 | B89: Math & DSP (host GUI) | C89: Modulation / EVM | D89: DspEngine::computeConstellation [RMS normalisation] | E89: lambda/block | F89: const double rmsLevel = std::sqrt(power / raw.size()); | G89: Normalises the constellation to unit RMS and applies the static phase correction. | H89: flat symbols. | I89: out.symbols, out.metrics.rms (linear). | J89: rms = √(Σ|s|²/K); norm = 1/rms (1 if rms ≤ 1e−9); symbol_out = s·norm·e^(−jφ0) | K89: normalised amplitude | L89: ConstellationPlot, computeMetrics | M89: metrics.rms here is the RMS of the gated symbols (before normalisation). | N89: SC | O89: 01_sdr_workstation_GUI/src/core/DspEngine.cpp | P89: 531
A90: MATH-086 | B90: Math & DSP (host GUI) | C90: Modulation / EVM | D90: DspEngine::computeConstellation [residualHz] | E90: lambda/block | F90: out.metrics.residualHz = derotate ? double(stepPerPoint) / (2.0 * dsp::kPi) * m_lastDisplayRate / double(sps) : 0.0; | G90: Converts the removed per-symbol rotation to a carrier offset in Hz. | H90: stepPerPoint (rad/symbol), Fs (Hz), sps. | I90: metrics.residualHz (Hz). | J90: f_res = (step/2π)·Fs/sps | K90: Hz | L90: computeMetrics (residualValid cross-check), MeasurementPanel | M90: 0 when no de-rotation applied. Aliases beyond ±Fs/(8·sps); validity decided by FFT cross-check. | N90: SC | O90: 01_sdr_workstation_GUI/src/core/DspEngine.cpp | P90: 566
A91: MATH-087 | B91: Math & DSP (host GUI) | C91: Modulation / EVM | D91: DspEngine::computeMetrics [residualValid cross-check] | E91: lambda/block | F91: out.metrics.residualValid = out.metrics.residualHz != 0.0 && std::abs(out.metrics.residualHz - peakOffset) < 4.0 * binHzLocal; | G91: Accepts the constellation's residual-carrier estimate only if it agrees with the unambiguous FFT peak. | H91: residualHz, pk, N, Fs. | I91: metrics.residualValid (bool). | J91: peakOffset = (pk − N/2)·Fs/N; valid = residualHz ≠ 0 ∧ |residualHz − peakOffset| < 4·Fs/N | K91: Hz | L91: MeasurementPanel | M91: Uses the integer peak bin (no δ). Catches aliased 4th-power estimates that still fall inside ±Fs/(8·sps). | N91: SC | O91: 01_sdr_workstation_GUI/src/core/DspEngine.cpp | P91: 761
A92: MATH-088 | B92: Math & DSP (host GUI) | C92: Modulation / EVM | D92: DspEngine::computeMetrics [slice] | E92: lambda/block | F92: auto slice = [&levels](float v) { … if (std::abs(v - l) < std::abs(v - best)) best = l; … } | G92: Per-axis hard-decision slicer to the nearest ideal level. | H92: v: I or Q component; levels from idealLevels(). | I92: nearest level. | J92: slice(v) = argmin_{l ∈ levels} |v − l|; ideal = slice(I) + j·slice(Q) | K92: normalised amplitude | L92: EVM, phase error | N92: SC | O92: 01_sdr_workstation_GUI/src/core/DspEngine.cpp | P92: 887
A93: MATH-089 | B93: Math & DSP (host GUI) | C93: Modulation / EVM | D93: DspEngine::computeMetrics [EVM] | E93: lambda/block | F93: out.metrics.evm = refSq > 0.0 ? std::sqrt(errSq / refSq) : 0.0; | G93: RMS error-vector magnitude against the nearest ideal constellation point. | H93: out.symbols p, ideal points. | I93: metrics.evm (fraction; ×100 = %). | J93: EVM = √(Σ|p − ideal|² / Σ|ideal|²) | K93: fraction | L93: MeasurementPanel, ConstellationPlot info box (×100 %) | M93: Normalised by mean ideal power (not peak). Symbols are already RMS-normalised and phase-aligned. | N93: SC | O93: 01_sdr_workstation_GUI/src/core/DspEngine.cpp | P93: 906
A94: MATH-090 | B94: Math & DSP (host GUI) | C94: Modulation / EVM | D94: DspEngine::computeMetrics [phase error] | E94: lambda/block | F94: out.metrics.phaseErrDeg = (phase / k) * 180.0 / dsp::kPi; | G94: Mean absolute phase error of symbols against their sliced ideal points. | H94: out.symbols, ideal points. | I94: metrics.phaseErrDeg (°). | J94: phaseErr = (1/K)·Σ|arg(p) − arg(ideal)|·180/π | K94: degrees | L94: MeasurementPanel, ConstellationPlot | M94: Points with |ideal| ≤ 1e−6 are not accumulated but K still counts all symbols. Mean absolute (not RMS) error. | N94: SC | O94: 01_sdr_workstation_GUI/src/core/DspEngine.cpp | P94: 907
A95: MATH-091 | B95: Math & DSP (host GUI) | C95: Modulation / EVM | D95: DspEngine::computeMetrics [DC offset] | E95: lambda/block | F95: out.metrics.dcOffset = std::hypot(sumI / k, sumQ / k); | G95: Magnitude of the mean of the constellation points. | H95: out.symbols. | I95: metrics.dcOffset (normalised amplitude). | J95: DC = |mean(p)| = √((ΣI/K)² + (ΣQ/K)²) | K95: normalised amplitude | L95: MeasurementPanel, ConstellationPlot | M95: Measured on normalised, de-rotated symbols — not on the raw IQ stream. | N95: SC | O95: 01_sdr_workstation_GUI/src/core/DspEngine.cpp | P95: 908
A96: MATH-092 | B96: Math & DSP (host GUI) | C96: Rate & bandwidth | D96: sdr::defaultH2cChunkBytes | E96: function | F96: int defaultH2cChunkBytes() | G96: Starting H2C chunk size: environment override if valid, else 1 MiB. | H96: IWFG_H2C_CHUNK_BYTES env. | I96: bytes. | J96: use env v if 1024 ≤ v ≤ 64 MiB and v mod 4 = 0; else 1048576 | K96: bytes | L96: BackendConfig::h2cChunkBytes default, stall recovery | N96: SC | O96: 01_sdr_workstation_GUI/src/core/BackendLauncher.cpp | P96: 90
A97: MATH-093 | B97: Math & DSP (host GUI) | C97: Rate & bandwidth | D97: sdr::nextSmallerH2cChunk | E97: function | F97: int nextSmallerH2cChunk(int bytes) | G97: Next rung of the chunk ladder strictly below `bytes`. | H97: bytes. | I97: bytes, or 0 at the bottom. | J97: first rung r in [16M, 4M, 1M, 256K, 64K, 16K] with r < bytes, else 0 | K97: bytes | L97: BackendLauncher H2C stall step-down | N97: SC | O97: 01_sdr_workstation_GUI/src/core/BackendLauncher.cpp | P97: 98
A98: MATH-094 | B98: Math & DSP (host GUI) | C98: Rate & bandwidth | D98: sdr::parseH2cRateLine | E98: function | F98: bool parseH2cRateLine(const QString& line, double* mibPerSec, int* updatesPerSec) | G98: Parses iwfg_h2c's once-a-second throughput line. | H98: line, e.g. "[H2C] 640.58 MB/s total=… GR_updates=48/s". | I98: mibPerSec (MiB/s), updatesPerSec (−1 if absent). | J98: regex \[H2C\]\s+([0-9]+(\.[0-9]+)?)\s*MB/s(.*GR_updates=([0-9]+)/s)? | K98: MiB/s | L98: BackendLauncher → ControlWindow3D::setH2cThroughput | M98: iwfg_h2c's "MB" is MiB (divides by 1048576). | N98: SC | O98: 01_sdr_workstation_GUI/src/core/BackendLauncher.cpp | P98: 114
A99: MATH-095 | B99: Math & DSP (host GUI) | C99: Rate & bandwidth | D99: sdr::parseC2hRateLine | E99: function | F99: bool parseC2hRateLine(const QString& line, double* mibPerSec) | G99: Parses c2h_stream's throughput line. | H99: line, e.g. "Streaming: 2416.93 MB/s (total: … MB)". | I99: mibPerSec (MiB/s). | J99: regex ^Streaming:\s+([0-9]+(\.[0-9]+)?)\s*MB/s on the trimmed line | K99: MiB/s | L99: BackendLauncher capture monitoring | M99: Also MiB/s. | N99: SC | O99: 01_sdr_workstation_GUI/src/core/BackendLauncher.cpp | P99: 125
A100: MATH-096 | B100: Math & DSP (host GUI) | C100: Rate & bandwidth | D100: sdr::kH2cChunkLadder | E100: constant | F100: constexpr int kH2cChunkLadder[] = { 16 << 20, 4 << 20, 1 << 20, 256 << 10, 64 << 10, 16 << 10 }; | G100: H2C playback chunk sizes the launcher steps down through when the card does not consume. | H100: - | I100: 16 MiB, 4 MiB, 1 MiB, 256 KiB, 64 KiB, 16 KiB | K100: bytes | L100: nextSmallerH2cChunk | M100: Chunk also sets the generator loop and tone resolution fs/(bytes/4). | N100: SC | O100: 01_sdr_workstation_GUI/src/core/BackendLauncher.h | P100: 94
...

Sheet GUI Qt
A1: GUI Qt - API reference
A2: Qt widgets, windows, dialogs, plots and their signals/slots: MainWindow, ControlWindow3D (H2C/RFDC window), SourcePanel, plots, dialogs, theme.
A3: 197 entries. Source: iW-ASCEJ-01-SF-R1.0-REL1.0/iW-ASCEJ-01-SC-R1.0-REL1.0 and iW-ASCEJ-01-FF-R1.0-REL1.0 of release REL1.0 (1.2.5).
A4: ID | B4: Category | C4: Sub-category | D4: API / symbol | E4: Kind | F4: Signature / definition | G4: Purpose | H4: Inputs / parameters | I4: Outputs / returns | J4: Formula / algorithm | K4: Units | L4: Used by / callers | M4: Notes | N4: Pkg | O4: Source file (in package folder) | P4: Line
A5: GUI-001 | B5: GUI (Qt) | C5: BackendModeDialog | D5: sdr::ui::BackendModeDialog | E5: class | F5: class BackendModeDialog : public QDialog | G5: Modal 'Start Live Acquisition' picker for C2H (capture) or H2C_C2H (playback + capture loopback). | L5: Included by MainWindow.cpp but not instantiated in 1.2.5: startBackendThenAcquire takes the launcher's data-flow choice instead | M5: Header-only. | N5: SC | O5: 01_sdr_workstation_GUI/src/ui/BackendModeDialog.h | P5: 23
A6: GUI-002 | B6: GUI (Qt) | C6: BackendModeDialog | D6: BackendModeDialog::BackendModeDialog | E6: method | F6: explicit BackendModeDialog(sdr::BackendMode current = sdr::BackendMode::C2H, QWidget* parent = nullptr) | G6: Builds the two radio buttons with 'current' pre-selected. | H6: current, parent | M6: Inline. | N6: SC | O6: 01_sdr_workstation_GUI/src/ui/BackendModeDialog.h | P6: 27
A7: GUI-003 | B7: GUI (Qt) | C7: BackendModeDialog | D7: BackendModeDialog::mode | E7: method | F7: sdr::BackendMode mode() const | G7: Selected backend mode. | I7: BackendMode::C2H or H2C_C2H | M7: Inline. | N7: SC | O7: 01_sdr_workstation_GUI/src/ui/BackendModeDialog.h | P7: 69
A8: GUI-004 | B8: GUI (Qt) | C8: ChannelDialog | D8: sdr::ui::ChannelDialog | E8: class | F8: class ChannelDialog : public QDialog | G8: Modal selector for any combination of channels 1..16 (Select All / Clear All; OK disabled when none ticked). | L8: SourcePanel::openChannelDialog | M8: Header-only; layout sized from font metrics. | N8: SC | O8: 01_sdr_workstation_GUI/src/ui/ChannelDialog.h | P8: 26
A9: GUI-005 | B9: GUI (Qt) | C9: ChannelDialog | D9: ChannelDialog::ChannelDialog | E9: method | F9: ChannelDialog(int available, quint32 mask, QWidget* parent = nullptr) | G9: Builds one checkbox per available channel (clamped 1..16) pre-ticked from the mask (0 = all). | H9: available, mask (bit c = channel c), parent | L9: SourcePanel::openChannelDialog | M9: Inline. | N9: SC | O9: 01_sdr_workstation_GUI/src/ui/ChannelDialog.h | P9: 32
A10: GUI-006 | B10: GUI (Qt) | C10: ChannelDialog | D10: ChannelDialog::mask | E10: method | F10: quint32 mask() const | G10: Selected channel bitmask (never 0 from an accepted dialog). | I10: quint32 mask | L10: SourcePanel::openChannelDialog | M10: Inline. | N10: SC | O10: 01_sdr_workstation_GUI/src/ui/ChannelDialog.h | P10: 100
A11: GUI-007 | B11: GUI (Qt) | C11: ChannelDialog | D11: ChannelDialog::label | E11: method | F11: static QString label(quint32 mask, int available) | G11: Compact label for the Source panel, e.g. '1,2,5,8', 'All (16)' or 'None'. | H11: mask, available | I11: QString | L11: SourcePanel::refreshChannelField | M11: Inline, static. | N11: SC | O11: 01_sdr_workstation_GUI/src/ui/ChannelDialog.h | P11: 109
A12: GUI-008 | B12: GUI (Qt) | C12: ChannelDialog | D12: ChannelDialog::refreshSummary | E12: slot | F12: void refreshSummary() | G12: Updates 'n of N selected' and enables OK only when n > 0. | L12: Each checkbox toggled | M12: Inline. | N12: SC | O12: 01_sdr_workstation_GUI/src/ui/ChannelDialog.h | P12: 121
A13: GUI-009 | B13: GUI (Qt) | C13: ColorMap | D13: sdr::ui::ColorMap | E13: class | F13: class ColorMap | G13: 256-entry colour lookup table (Jet, Viridis, Inferno, Grayscale) for waterfall and constellation density. | L13: WaterfallPlot, ConstellationPlot | M13: Header-only, not a QObject. | N13: SC | O13: 01_sdr_workstation_GUI/src/ui/ColorMap.h | P13: 13
A14: GUI-010 | B14: GUI (Qt) | C14: ColorMap | D14: ColorMap::Preset | E14: enum | F14: enum Preset { Jet, Viridis, Inferno, Grayscale }; | G14: Colour map presets (index = DisplayConfig.colorMap). | L14: DisplayPanel colour map combo | N14: SC | O14: 01_sdr_workstation_GUI/src/ui/ColorMap.h | P14: 16
A15: GUI-011 | B15: GUI (Qt) | C15: ColorMap | D15: ColorMap::names | E15: method | F15: static QStringList names() | G15: Display names of the presets. | I15: QStringList | L15: DisplayPanel colour-map combo (Panels.cpp:809) | N15: SC | O15: 01_sdr_workstation_GUI/src/ui/ColorMap.h | P15: 18
A16: GUI-012 | B16: GUI (Qt) | C16: ColorMap | D16: ColorMap::setPreset | E16: method | F16: void setPreset(int i) { build(static_cast<Preset>(std::clamp(i, 0, 3))); } | G16: Rebuilds the LUT for a preset (int overload clamps 0..3; a Preset overload is at line 26). | H16: i | L16: WaterfallPlot/ConstellationPlot::setDisplayConfig | N16: SC | O16: 01_sdr_workstation_GUI/src/ui/ColorMap.h | P16: 27
A17: GUI-013 | B17: GUI (Qt) | C17: ColorMap | D17: ColorMap::rgb | E17: method | F17: inline QRgb rgb(float t) const | G17: Maps t (clamped 0..1) to a colour. | H17: t | I17: QRgb | J17: index = int(clamp(t,0,1)*255) | L17: WaterfallPlot/ConstellationPlot::setFrame | N17: SC | O17: 01_sdr_workstation_GUI/src/ui/ColorMap.h | P17: 30
A18: GUI-014 | B18: GUI (Qt) | C18: ConfigDialog | D18: sdr::ui::ConfigDialog | E18: class | F18: class ConfigDialog : public QDialog | G18: Pre-launch screen: development kit, interface (PCIe / Ethernet RoCEv2 or UDP), RDMA NIC, compute (CPU/GPU), session mode (simulated / offline / live), data flow (ADC / DAC / both), channels, rate, with live validation and pcap extraction. | L18: main.cpp (launcher) | M18: GUI thread. Ethernet toggle detects/configures a Mellanox NIC; GPU toggle probes the GPU (bounded 2.5 s) and falls back to CPU. | N18: SC | O18: 01_sdr_workstation_GUI/src/ui/ConfigDialog.h | P18: 18
A19: GUI-015 | B19: GUI (Qt) | C19: ConfigDialog | D19: ConfigDialog::ConfigDialog | E19: method | F19: explicit ConfigDialog(QWidget* parent = nullptr); | G19: Builds the launcher and wires toggles; Launch commits the config, runs the RoCEv2 mapping check or the PcieDiscoveryDialog pre-flight for live sessions, then accepts. | H19: parent | L19: main.cpp | M19: Defined ConfigDialog.cpp:44. Launch handler at ConfigDialog.cpp:486; PCIe pre-flight result sets SystemConfig.driverLoadedBySession. | N19: SC | O19: 01_sdr_workstation_GUI/src/ui/ConfigDialog.h | P19: 22
A20: GUI-016 | B20: GUI (Qt) | C20: ConfigDialog | D20: ConfigDialog::config | E20: method | F20: sdr::SystemConfig config() const { return m_cfg; } | G20: The SystemConfig chosen in the launcher. | I20: sdr::SystemConfig | L20: main.cpp after exec() == Accepted | M20: Inline. | N20: SC | O20: 01_sdr_workstation_GUI/src/ui/ConfigDialog.h | P20: 24
A21: GUI-017 | B21: GUI (Qt) | C21: ConfigDialog | D21: ConfigDialog::repopulateDevices | E21: method | F21: void repopulateDevices(); | G21: Rebuilds the Device list for the selected interface: HardwareDb boards for PCIe, discovered netdev->RDMA mappings for RoCEv2. | L21: Interface toggles; constructor | M21: Defined ConfigDialog.cpp:1101. | N21: SC | O21: 01_sdr_workstation_GUI/src/ui/ConfigDialog.h | P21: 31
A22: GUI-018 | B22: GUI (Qt) | C22: ConfigDialog | D22: ConfigDialog::refreshState | E22: method | F22: void refreshState(); | G22: Re-validates the current selection (hw::validate against the HardwareDb board spec) and updates capability, findings and summary text and the Launch button. | L22: Most widget change signals | M22: Defined ConfigDialog.cpp:907. | N22: SC | O22: 01_sdr_workstation_GUI/src/ui/ConfigDialog.h | P22: 32
A23: GUI-019 | B23: GUI (Qt) | C23: ConfigDialog | D23: ConfigDialog::commit | E23: method | F23: void commit(); | G23: Writes device, interface, compute device, source mode (UDP -> Dma, RoCEv2 -> Roce, PCIe -> Dma), file, GPU flag, device path, format, channels, rate, UDP options and data-flow mode (0 ADC, 1 DAC, 2 both) into m_cfg. | I23: m_cfg | L23: Launch button handler | M23: Defined ConfigDialog.cpp:1189. | N23: SC | O23: 01_sdr_workstation_GUI/src/ui/ConfigDialog.h | P23: 33
A24: GUI-020 | B24: GUI (Qt) | C24: ConfigDialog | D24: ConfigDialog::extractCapture | E24: method | F24: QString extractCapture(const QString& pcap); | G24: Asks which encapsulation a .pcap holds and dispatches to the RoCEv2 or UDP extractor. | H24: pcap path | I24: Extracted .bin path or empty | L24: Offline file selection | M24: Defined ConfigDialog.cpp:740. | N24: SC | O24: 01_sdr_workstation_GUI/src/ui/ConfigDialog.h | P24: 43
A25: GUI-021 | B25: GUI (Qt) | C25: ConfigDialog | D25: ConfigDialog::extractPcap | E25: method | F25: QString extractPcap(const QString& pcap); | G25: RoCEv2: runs the external roce-extractor via QProcess with a cancellable progress dialog. | H25: pcap path | I25: Extracted .bin path or empty | L25: extractCapture | M25: Defined ConfigDialog.cpp:792. Polls waitForFinished(50) + processEvents; kill() on cancel. | N25: SC | O25: 01_sdr_workstation_GUI/src/ui/ConfigDialog.h | P25: 45
A26: GUI-022 | B26: GUI (Qt) | C26: ConfigDialog | D26: ConfigDialog::extractUdp | E26: method | F26: QString extractUdp(const QString& pcap); | G26: Plain UDP: strips Ethernet/IP/UDP headers in-process via sdr::extractUdpPayloads. | H26: pcap path | I26: Extracted .bin path or empty | L26: extractCapture | M26: Defined ConfigDialog.cpp:763. | N26: SC | O26: 01_sdr_workstation_GUI/src/ui/ConfigDialog.h | P26: 47
A27: GUI-023 | B27: GUI (Qt) | C27: ConfigDialog | D27: ConfigDialog::detectAndApplyFormat | E27: method | F27: void detectAndApplyFormat(const QString& path); | G27: Picks the wire format by measuring the file rather than trusting its name. | H27: path | L27: Offline file selection | M27: Defined ConfigDialog.cpp:863. | N27: SC | O27: 01_sdr_workstation_GUI/src/ui/ConfigDialog.h | P27: 49
A28: GUI-024 | B28: GUI (Qt) | C28: ConstellationPlot | D28: sdr::ui::ConstellationPlot | E28: class | F28: class ConstellationPlot : public InstrumentPlot | G28: 'Constellation — I/Q' density plot of demodulated symbols on a 256x256 grid with optional persistence; aspect-preserving. | L28: MainWindow::buildCentral | M28: Markers not supported. | N28: SC | O28: 01_sdr_workstation_GUI/src/ui/Plots.h | P28: 140
A29: GUI-025 | B29: GUI (Qt) | C29: ConstellationPlot | D29: ConstellationPlot::setFrame | E29: method | F29: void setFrame(const sdr::FrameResult& f) override; | G29: Decays the density grid, splats each symbol with a 3x3 kernel and colour-maps sqrt(density/peak). | H29: f | J29: pixel t = sqrt(density/peak); centre weight 1.0, neighbours 0.35 | L29: MainWindow::renderPending | M29: Defined Plots.cpp:635. Decay = persistDecay (<= 0.995) when persistence on, else 0. | N29: SC | O29: 01_sdr_workstation_GUI/src/ui/Plots.h | P29: 146
A30: GUI-026 | B30: GUI (Qt) | C30: ConstellationPlot | D30: ConstellationPlot::setDisplayConfig | E30: method | F30: void setDisplayConfig(const sdr::DisplayConfig& cfg) override; | G30: Applies display config and colour map change. | H30: cfg | L30: MainWindow::onConfigChanged | M30: Defined Plots.cpp:620. | N30: SC | O30: 01_sdr_workstation_GUI/src/ui/Plots.h | P30: 147
A31: GUI-027 | B31: GUI (Qt) | C31: ConstellationPlot | D31: ConstellationPlot::clearTraces | E31: method | F31: void clearTraces() override; | G31: Clears the density grid. | L31: MainWindow; channel change | M31: Defined Plots.cpp:628. | N31: SC | O31: 01_sdr_workstation_GUI/src/ui/Plots.h | P31: 148
A32: GUI-028 | B32: GUI (Qt) | C32: ControlWindow3D | D32: sdr::ui::ControlWindow3D | E32: class | F32: class ControlWindow3D : public QDialog | G32: Floating non-modal 'H2C Transmit & RF Data Converter Control' window with Transmit (live chain, IQ generator, RDMA iq_ctl block, log), Signal chain and RFDC (PCIe BAR converter control) tabs. | L32: Created lazily by MainWindow on first H2C CONTROL click | M32: GUI thread. Owns H2cControl (GUI thread), RfdcControl on QThread 'rfdcCtl', IqGenerator on QThread 'iqGen'. Hidden on close, never destroyed, so state persists. | N32: SC | O32: 01_sdr_workstation_GUI/src/ui/ControlWindow3D.h | P32: 54
A33: GUI-029 | B33: GUI (Qt) | C33: ControlWindow3D | D33: ControlWindow3D::ControlWindow3D | E33: method | F33: explicit ControlWindow3D(QWidget* parent = nullptr); | G33: Builds the window, creates H2cControl, moves RfdcControl to its own thread and wires all its signals, builds the Transmit/Signal chain/RFDC tabs, then attaches the iq_ctl block and (best-effort) the RFDC PCIe path. | H33: parent: MainWindow | L33: MainWindow (H2C CONTROL action lambda, MainWindow.cpp:114) | M33: Defined ControlWindow3D.cpp:37. RFDC transactions busy-poll up to 15 s, hence the dedicated thread; every call to it is queued. | N33: SC | O33: 01_sdr_workstation_GUI/src/ui/ControlWindow3D.h | P33: 58
A34: GUI-030 | B34: GUI (Qt) | C34: ControlWindow3D | D34: ControlWindow3D::~ControlWindow3D | E34: method | F34: ~ControlWindow3D() override; | G34: Stops the generator and aborts any in-flight RFDC transaction, then quits both worker threads. | L34: Qt object tree at application shutdown | M34: Defined ControlWindow3D.cpp:1752. wait(3000) then terminate()+wait(500) as last resort. | N34: SC | O34: 01_sdr_workstation_GUI/src/ui/ControlWindow3D.h | P34: 59
A35: GUI-031 | B35: GUI (Qt) | C35: ControlWindow3D | D35: ControlWindow3D::setViewport | E35: method | F35: void setViewport(QWidget* view); | G35: Extension point: installs a 3D view widget in place of the placeholder (takes ownership). | H35: view: widget | L35: No caller in this source tree (extension point) | M35: Defined ControlWindow3D.cpp:1713. | N35: SC | O35: 01_sdr_workstation_GUI/src/ui/ControlWindow3D.h | P35: 62
A36: GUI-032 | B36: GUI (Qt) | C36: ControlWindow3D | D36: ControlWindow3D::addControlPanel | E36: method | F36: QWidget* addControlPanel(const QString& title); | G36: Extension point: adds a named scrollable tab and returns its page for the caller to populate. | H36: title: tab title | I36: QWidget* page with a QVBoxLayout | L36: buildTransmitPanel, buildSignalChainPanel, buildRfdcPanel | M36: Defined ControlWindow3D.cpp:1727. | N36: SC | O36: 01_sdr_workstation_GUI/src/ui/ControlWindow3D.h | P36: 66
A37: GUI-033 | B37: GUI (Qt) | C37: ControlWindow3D | D37: ControlWindow3D::hasViewport | E37: method | F37: bool hasViewport() const { return m_hasViewport; } | G37: True once a real 3D viewport has been installed. | I37: bool | M37: Inline. | N37: SC | O37: 01_sdr_workstation_GUI/src/ui/ControlWindow3D.h | P37: 69
A38: GUI-034 | B38: GUI (Qt) | C38: ControlWindow3D | D38: ControlWindow3D::attachControl | E38: method | F38: void attachControl(const QString& path = QStringLiteral("/dev/shm/iqctl")); | G38: Attaches to the rdma_tx shared-memory control block; enables the RDMA rate/centre/pace controls on success or disables them with the reason. | H38: path: shm control block (default /dev/shm/iqctl) | L38: Constructor | M38: Defined ControlWindow3D.cpp:1665. Calls H2cControl::attach; safe to call repeatedly. | N38: SC | O38: 01_sdr_workstation_GUI/src/ui/ControlWindow3D.h | P38: 73
A39: GUI-035 | B39: GUI (Qt) | C39: ControlWindow3D | D39: ControlWindow3D::attachRfdc | E39: method | F39: void attachRfdc(const QString& bdf = QString(), int bar = 2); | G39: Attaches the RF Data Converter PCIe control path (BAR registers on the ZU47DR) and reads every register before the UI accepts edits. | H39: bdf: PCI address (default: first discovered endpoint); bar: BAR index (default 2) | I39: Queued RfdcControl::attachAndSync | L39: Constructor; onRfdcAttach | M39: Defined ControlWindow3D.cpp:600. open()/mmap() run on the RFDC thread that owns the descriptor. | N39: SC | O39: 01_sdr_workstation_GUI/src/ui/ControlWindow3D.h | P39: 78
A40: GUI-036 | B40: GUI (Qt) | C40: ControlWindow3D | D40: ControlWindow3D::setSimulationMode | E40: method | F40: void setSimulationMode(bool simulated); | G40: Tells the window the source is the simulator: DAC input, DDS and generator then drive the simulated RF loopback and never touch the H2C FIFO. | H40: simulated: bool | I40: txStateChanged emitted | L40: MainWindow H2C CONTROL action; MainWindow::createSource | M40: Defined ControlWindow3D.cpp:1917. Leaving simulation stops a modelled generator. | N40: SC | O40: 01_sdr_workstation_GUI/src/ui/ControlWindow3D.h | P40: 84
A41: GUI-037 | B41: GUI (Qt) | C41: ControlWindow3D | D41: ControlWindow3D::txState | E41: method | F41: sdr::TxState txState() const; | G41: Snapshot of what the transmit side puts on the DAC (DAC source, DDS Hz, DAC stream rate, generator running/waveform/tone/amplitude/phase, loop length, coherent). | I41: sdr::TxState | L41: publishTxState | M41: Defined ControlWindow3D.cpp:1876. hostRunning = generator running AND iwfg_h2c connected (hardware) or simulated generator running. | N41: SC | O41: 01_sdr_workstation_GUI/src/ui/ControlWindow3D.h | P41: 87
A42: GUI-038 | B42: GUI (Qt) | C42: ControlWindow3D | D42: ControlWindow3D::setH2cChunkBytes | E42: method | F42: void setH2cChunkBytes(int bytes); | G42: Sets the iwfg_h2c chunk size = generator loop length; a running generator is restarted so its loop matches. | H42: bytes: chunk size | K42: bytes | L42: MainWindow (BackendLauncher::h2cChunkBytesChanged handler; H2C CONTROL action) | M42: Defined ControlWindow3D.cpp:1962. Loop = bytes/4 I/Q pairs. | N42: SC | O42: 01_sdr_workstation_GUI/src/ui/ControlWindow3D.h | P42: 92
A43: GUI-039 | B43: GUI (Qt) | C43: ControlWindow3D | D43: ControlWindow3D::setH2cThroughput | E43: method | F43: void setH2cThroughput(double mibPerSec, int updatesPerSec); | G43: Shows iwfg_h2c's measured delivery against the DAC's consumption and flags starvation (<98 %). | H43: mibPerSec: H2C MiB/s; updatesPerSec (unused) | I43: Link label text/colour; log on state change | J43: needMib = genRateMsps*1e6*4/1048576; starved if mib/need < 0.98 | K43: MiB/s | L43: MainWindow (BackendLauncher::h2cThroughput handler) | M43: Defined ControlWindow3D.cpp:1979. | N43: SC | O43: 01_sdr_workstation_GUI/src/ui/ControlWindow3D.h | P43: 96
A44: GUI-040 | B44: GUI (Qt) | C44: ControlWindow3D | D44: ControlWindow3D::setReceivedPeak | E44: method | F44: void setReceivedPeak(double basebandHz, double dbfs, bool toneValid, double inputRateHz, double binHz); | G44: Feeds the receiver's strongest spectral peak (active channel) for the live chain and the loopback check. | H44: basebandHz (relative to centre), dbfs, toneValid, inputRateHz, binHz | K44: Hz, dBFS | L44: MainWindow::renderPending (every ~120 ms) | M44: Defined ControlWindow3D.cpp:2040. Collects samples during loopback-check steps 2 and 4. | N44: SC | O44: 01_sdr_workstation_GUI/src/ui/ControlWindow3D.h | P44: 101
A45: GUI-041 | B45: GUI (Qt) | C45: ControlWindow3D | D45: ControlWindow3D::setRdmaControlVisible | E45: method | F45: void setRdmaControlVisible(bool visible); | G45: Shows the rdma_tx iq_ctl control group only on the RoCEv2 path. | H45: visible | L45: MainWindow (H2C CONTROL action; createSource) | M45: Defined ControlWindow3D.cpp:2018. | N45: SC | O45: 01_sdr_workstation_GUI/src/ui/ControlWindow3D.h | P45: 105
A46: GUI-042 | B46: GUI (Qt) | C46: ControlWindow3D | D46: ControlWindow3D::appendLog | E46: method | F46: void appendLog(const QString& line) { log(line); } | G46: Adds a line to the window's log pane for messages the main window owns. | H46: line | L46: MainWindow (backend handlers, checkCaptureRate, transmitGuard, setCaptureChannels) | M46: Inline; log capped at 200 blocks. | N46: SC | O46: 01_sdr_workstation_GUI/src/ui/ControlWindow3D.h | P46: 108
A47: GUI-043 | B47: GUI (Qt) | C47: ControlWindow3D | D47: ControlWindow3D::setH2cHelperState | E47: method | F47: void setH2cHelperState(int state, const QString& detail, bool backendRunning); | G47: Reports the H2C playback helper (iwfg_h2c) state; Retry transmit is offered only when a live backend is up. | H47: state: sdr::H2cState as int; detail; backendRunning | L47: MainWindow::publishHelperState | M47: Defined ControlWindow3D.cpp:2051. | N47: SC | O47: 01_sdr_workstation_GUI/src/ui/ControlWindow3D.h | P47: 113
A48: GUI-044 | B48: GUI (Qt) | C48: ControlWindow3D | D48: ControlWindow3D::setCaptureRate | E48: method | F48: void setCaptureRate(double deliveredMib, double needMib, int channels, double rateMsps, int bytesPerSample); | G48: Shows delivered vs needed capture rate in the live chain and offers fewer channels when it falls short. | H48: deliveredMib (0 = not live), needMib, channels, rateMsps, bytesPerSample | K48: MiB/s, MSPS | L48: MainWindow::checkCaptureRate | M48: Defined ControlWindow3D.cpp:2062. | N48: SC | O48: 01_sdr_workstation_GUI/src/ui/ControlWindow3D.h | P48: 117
A49: GUI-045 | B49: GUI (Qt) | C49: ControlWindow3D | D49: ControlWindow3D::restorePlGpioModeFor | E49: method | F49: void restorePlGpioModeFor(int channels); | G49: Puts the PL GPIO routing back to the mode used before a 1-channel switch (or the mode matching 'channels'). | H49: channels | L49: MainWindow::checkCaptureRate (switch did not take effect) | M49: Defined ControlWindow3D.cpp:2084. | N49: SC | O49: 01_sdr_workstation_GUI/src/ui/ControlWindow3D.h | P49: 122
A50: GUI-046 | B50: GUI (Qt) | C50: ControlWindow3D | D50: ControlWindow3D::rfdcAttached | E50: method | F50: bool rfdcAttached() const { return m_rfAttached && m_rfdc; } | G50: True when the RFDC PCIe control path is attached and usable. | I50: bool | L50: MainWindow::transmitGuard | M50: Inline. | N50: SC | O50: 01_sdr_workstation_GUI/src/ui/ControlWindow3D.h | P50: 125
A51: GUI-047 | B51: GUI (Qt) | C51: ControlWindow3D | D51: ControlWindow3D::plGpioMode | E51: method | F51: int plGpioMode() const; | G51: PL GPIO routing mode as last read from / written to the device (combo value). | I51: int mode (0 if none) | L51: MainWindow::transmitGuard | M51: Defined ControlWindow3D.cpp:2092. | N51: SC | O51: 01_sdr_workstation_GUI/src/ui/ControlWindow3D.h | P51: 127
A52: GUI-048 | B52: GUI (Qt) | C52: ControlWindow3D | D52: ControlWindow3D::applyPlGpioMode | E52: method | F52: void applyPlGpioMode(int mode, const QString& why); | G52: Sets the PL GPIO routing mode (1..3) on the RFDC tab combo and, if attached, on the device. | H52: mode: 1 single, 2 two, 3 four channels; why: log reason | I52: Queued RfdcControl::setPlGpioRouting | L52: MainWindow::transmitGuard / checkCaptureRate; 'Capture 1 channel' button | M52: Defined ControlWindow3D.cpp:2097. Out-of-range modes ignored. | N52: SC | O52: 01_sdr_workstation_GUI/src/ui/ControlWindow3D.h | P52: 129
A53: GUI-049 | B53: GUI (Qt) | C53: ControlWindow3D | D53: ControlWindow3D::setH2cFifoPath | E53: method | F53: void setH2cFifoPath(const QString& path); | G53: Sets the FIFO the generator writes to, matching where the backend launched iwfg_h2c; deferred while the generator runs. | H53: path | L53: MainWindow (H2C CONTROL action, startBackendThenAcquire) | M53: Defined ControlWindow3D.cpp:2073. | N53: SC | O53: 01_sdr_workstation_GUI/src/ui/ControlWindow3D.h | P53: 134
A54: GUI-050 | B54: GUI (Qt) | C54: ControlWindow3D | D54: ControlWindow3D::closeEvent | E54: method | F54: void closeEvent(QCloseEvent* e) override; | G54: Hides instead of destroying the window so reopening preserves state. | H54: e | L54: Qt window system | M54: Defined ControlWindow3D.cpp:1769; e->ignore(); hide(). | N54: SC | O54: 01_sdr_workstation_GUI/src/ui/ControlWindow3D.h | P54: 138
A55: GUI-051 | B55: GUI (Qt) | C55: ControlWindow3D | D55: ControlWindow3D::signalChainChanged | E55: signal | F55: void signalChainChanged(double ncoMHz, int interp, int decim, int channels, int chunkBytes); | G55: Signal-chain tab values changed by the operator (applied by the session on (re)start; not live in iq_ctl). | I55: ncoMHz, interp, decim, channels, chunkBytes | K55: MHz, bytes | L55: Emitted from buildSignalChainPanel edits; no connection to it found in MainWindow | N55: SC | O55: 01_sdr_workstation_GUI/src/ui/ControlWindow3D.h | P55: 144
A56: GUI-052 | B56: GUI (Qt) | C56: ControlWindow3D | D56: ControlWindow3D::txStateChanged | E56: signal | F56: void txStateChanged(const sdr::TxState& tx); | G56: Emitted whenever anything that determines the DAC output changes (DAC source, DDS, generator state/params). | I56: sdr::TxState | L56: MainWindow lambda: transmitGuard on hostRunning edge, queued ISignalSource::setTxState, BackendLauncher::ensureH2c when generator starts in capture-only session | M56: Emitted by publishTxState(). | N56: SC | O56: 01_sdr_workstation_GUI/src/ui/ControlWindow3D.h | P56: 149
A57: GUI-053 | B57: GUI (Qt) | C57: ControlWindow3D | D57: ControlWindow3D::deviceRatesRead | E57: signal | F57: void deviceRatesRead(double adcStreamMsps, double dacStreamMsps); | G57: Stream clocks read from the device; the main window aligns its display sample rate to the ADC stream clock. | I57: adcStreamMsps, dacStreamMsps | K57: MSPS | L57: MainWindow lambda updates m_cfg.acq.sampleRateMsps in DMA mode and pushConfig() | M57: Emitted from onRfdcSnapshot. | N57: SC | O57: 01_sdr_workstation_GUI/src/ui/ControlWindow3D.h | P57: 153
A58: GUI-054 | B58: GUI (Qt) | C58: ControlWindow3D | D58: ControlWindow3D::h2cRestartRequested | E58: signal | F58: void h2cRestartRequested(); | G58: Operator pressed 'Retry transmit' (relaunch iwfg_h2c). | L58: MainWindow lambda -> BackendLauncher::restartH2c(defaultH2cChunkBytes()) | N58: SC | O58: 01_sdr_workstation_GUI/src/ui/ControlWindow3D.h | P58: 156
A59: GUI-055 | B59: GUI (Qt) | C59: ControlWindow3D | D59: ControlWindow3D::captureChannelsRequested | E59: signal | F59: void captureChannelsRequested(int channels); | G59: Request to capture this many channels (PL GPIO mode already set). | I59: channels | L59: MainWindow lambda -> setCaptureChannels(n) | M59: Emitted by 'Capture 1 channel (PL GPIO mode 1)'. | N59: SC | O59: 01_sdr_workstation_GUI/src/ui/ControlWindow3D.h | P59: 159
A60: GUI-056 | B60: GUI (Qt) | C60: ControlWindow3D | D60: ControlWindow3D::onApply | E60: slot | F60: void onApply(); | G60: RDMA block 'Apply': writes pace (0 = unlimited), sample rate and centre frequency to iq_ctl and bumps the sequence. | I60: H2cControl::apply(pace, rateHz, centreHz) | K60: Gb/s, Hz | L60: m_apply QPushButton::clicked | M60: Defined ControlWindow3D.cpp:1700. | N60: SC | O60: 01_sdr_workstation_GUI/src/ui/ControlWindow3D.h | P60: 162
A61: GUI-057 | B61: GUI (Qt) | C61: ControlWindow3D | D61: ControlWindow3D::onRevert | E61: slot | F61: void onRevert(); | G61: RDMA block 'Revert': reloads pace, rate and centre from the control block. | L61: m_revert clicked; attachControl | M61: Defined ControlWindow3D.cpp:1686. | N61: SC | O61: 01_sdr_workstation_GUI/src/ui/ControlWindow3D.h | P61: 163
A62: GUI-058 | B62: GUI (Qt) | C62: ControlWindow3D | D62: ControlWindow3D::onRfdcAttach | E62: slot | F62: void onRfdcAttach(); | G62: RFDC 'Attach' button: attaches to the selected BDF/BAR. | L62: m_rfAttach clicked | M62: Defined ControlWindow3D.cpp:647. | N62: SC | O62: 01_sdr_workstation_GUI/src/ui/ControlWindow3D.h | P62: 164
A63: GUI-059 | B63: GUI (Qt) | C63: ControlWindow3D | D63: ControlWindow3D::onRfdcResetDefaults | E63: slot | F63: void onRfdcResetDefaults(); | G63: Resets every RFDC control to the firmware boot defaults (PCIE_DEF_*) and, if attached, issues one restoreDefaults command then re-reads the snapshot. | I63: Queued RfdcControl::restoreDefaults + readSnapshot(0,2,true) | L63: m_rfDefaults clicked | M63: Defined ControlWindow3D.cpp:662. | N63: SC | O63: 01_sdr_workstation_GUI/src/ui/ControlWindow3D.h | P63: 165
A64: GUI-060 | B64: GUI (Qt) | C64: ControlWindow3D | D64: ControlWindow3D::onRfdcPing | E64: slot | F64: void onRfdcPing(); | G64: RFDC 'Ping': queued no-op round trip to the firmware. | I64: Queued RfdcControl::ping | L64: m_rfPing clicked | M64: Defined ControlWindow3D.cpp:738. | N64: SC | O64: 01_sdr_workstation_GUI/src/ui/ControlWindow3D.h | P64: 166
A65: GUI-061 | B65: GUI (Qt) | C65: ControlWindow3D | D65: ControlWindow3D::onRfdcRefresh | E65: slot | F65: void onRfdcRefresh(); | G65: Queues a read of the ring/cfg registers; result arrives via registersRead. | I65: Queued RfdcControl::pollRegisters | L65: m_rfRefresh clicked; after edits, busy end, verify/reset results | M65: Defined ControlWindow3D.cpp:888. | N65: SC | O65: 01_sdr_workstation_GUI/src/ui/ControlWindow3D.h | P65: 167
A66: GUI-062 | B66: GUI (Qt) | C66: ControlWindow3D | D66: ControlWindow3D::onRfdcReadFromHardware | E66: slot | F66: void onRfdcReadFromHardware(); | G66: 'Read from hardware': one queued snapshot of all live converter values for the selected tile/channel/target. | I66: Queued RfdcControl::readSnapshot(tile, chan, adc) | L66: m_rfReadHw clicked; onGenToggle | M66: Defined ControlWindow3D.cpp:720. | N66: SC | O66: 01_sdr_workstation_GUI/src/ui/ControlWindow3D.h | P66: 168
A67: GUI-063 | B67: GUI (Qt) | C67: ControlWindow3D | D67: ControlWindow3D::onRfdcBusyChanged | E67: slot | F67: void onRfdcBusyChanged(bool busy); | G67: Shows the busy bar/Abort and disables device-touching buttons while a command is in flight. | H67: busy | L67: RfdcControl::busyChanged | M67: Defined ControlWindow3D.cpp:743. | N67: SC | O67: 01_sdr_workstation_GUI/src/ui/ControlWindow3D.h | P67: 169
A68: GUI-064 | B68: GUI (Qt) | C68: ControlWindow3D | D68: ControlWindow3D::onRfdcSnapshot | E68: slot | F68: void onRfdcSnapshot(const QVariantMap& values); | G68: Populates every RFDC field, the Signal chain tab and the generator sample rate from the device snapshot, caches the live chain values, emits deviceRatesRead and logs advisory notes (decimation 1x, DAC on host with no generator, QMC ~0). | H68: values: QVariantMap (fs_mhz, decimation, interpolation, nco_khz, dds_hz, dsa_db10, vop_ua, qmc_10000, dac_source, pl_gpio, axis, nyquist, dac/adc_stream_khz, dac/adc_nco_khz, ...) | I68: deviceRatesRead; txStateChanged | J68: processing gain = 10*log10(D) dB; ENOB loss = gain/6.02 | K68: MHz, kHz, dB | L68: RfdcControl::snapshotReady | M68: Defined ControlWindow3D.cpp:764. | N68: SC | O68: 01_sdr_workstation_GUI/src/ui/ControlWindow3D.h | P68: 170
A69: GUI-065 | B69: GUI (Qt) | C69: ControlWindow3D | D69: ControlWindow3D::onRfdcAttachResult | E69: slot | F69: void onRfdcAttachResult(bool ok, const QString& detail); | G69: Enables/disables all RFDC controls and shows the attach outcome. | H69: ok, detail | L69: RfdcControl::attachResult | M69: Defined ControlWindow3D.cpp:630. | N69: SC | O69: 01_sdr_workstation_GUI/src/ui/ControlWindow3D.h | P69: 171
A70: GUI-066 | B70: GUI (Qt) | C70: ControlWindow3D | D70: ControlWindow3D::onRfdcRegisters | E70: slot | F70: void onRfdcRegisters(quint32 ring, quint32 cfg); | G70: Displays ring/cfg registers, NEW_CMD bit and the decoded ACK error status. | H70: ring, cfg | L70: RfdcControl::registersRead | M70: Defined ControlWindow3D.cpp:1091. Uses RING_ACK_VALID/RING_ACK_ERR from pcie_regs.h. | N70: SC | O70: 01_sdr_workstation_GUI/src/ui/ControlWindow3D.h | P70: 172
A71: GUI-067 | B71: GUI (Qt) | C71: ControlWindow3D | D71: ControlWindow3D::onRfdcSyncing | E71: slot | F71: void onRfdcSyncing(bool syncing); | G71: Locks the RFDC panel while a sync/reset sequence owns the device. | H71: syncing | L71: RfdcControl::syncingChanged | M71: Defined ControlWindow3D.cpp:975. | N71: SC | O71: 01_sdr_workstation_GUI/src/ui/ControlWindow3D.h | P71: 173
A72: GUI-068 | B72: GUI (Qt) | C72: ControlWindow3D | D72: ControlWindow3D::onRfdcSyncFinished | E72: slot | F72: void onRfdcSyncFinished(bool ok, const QString& detail); | G72: On a successful sync, edits are sent immediately (apply-on-edit); on failure the fields hold software defaults and edits are only recorded until 'Apply changed values'. | H72: ok, detail | L72: RfdcControl::syncFinished | M72: Defined ControlWindow3D.cpp:989. Prevents writing defaults such as QMC 0 or VOP 0 mA to hardware. | N72: SC | O72: 01_sdr_workstation_GUI/src/ui/ControlWindow3D.h | P72: 174
A73: GUI-069 | B73: GUI (Qt) | C73: ControlWindow3D | D73: ControlWindow3D::onRfdcVerify | E73: slot | F73: void onRfdcVerify(const QString& name, bool ok, quint32 req, quint32 act, const QString& detail); | G73: Shows a write-verify outcome; on failure pops a modal 'Verification failed' warning with requested vs device values. | H73: name, ok, req, act, detail | L73: RfdcControl::verifyResult | M73: Defined ControlWindow3D.cpp:1030. | N73: SC | O73: 01_sdr_workstation_GUI/src/ui/ControlWindow3D.h | P73: 175
A74: GUI-070 | B74: GUI (Qt) | C74: ControlWindow3D | D74: ControlWindow3D::onRfdcResetFinished | E74: slot | F74: void onRfdcResetFinished(bool ok, const QString& detail); | G74: Reports Complete Reset success/failure in a message box. | H74: ok, detail | L74: RfdcControl::resetFinished | M74: Defined ControlWindow3D.cpp:1055. | N74: SC | O74: 01_sdr_workstation_GUI/src/ui/ControlWindow3D.h | P74: 177
A75: GUI-071 | B75: GUI (Qt) | C75: ControlWindow3D | D75: ControlWindow3D::onRfdcCompleteReset | E75: slot | F75: void onRfdcCompleteReset(); | G75: 'Complete Reset' after confirmation: stop datapath, restore boot configuration, restart and re-read all registers. | I75: Queued RfdcControl::completeReset(tile, chan, adc) | L75: m_rfFullReset clicked | M75: Defined ControlWindow3D.cpp:1071. | N75: SC | O75: 01_sdr_workstation_GUI/src/ui/ControlWindow3D.h | P75: 178
A76: GUI-072 | B76: GUI (Qt) | C76: ControlWindow3D | D76: ControlWindow3D::onRfdcApplyDirty | E76: slot | F76: void onRfdcApplyDirty(); | G76: Sends only the fields the operator edited, in safe order: decimation/interpolation then MTS, NCO, phase, DSA, QMC, VOP, DAC source, DDS last. | I76: One queued RfdcControl job | L76: m_rfApplyDirty clicked | M76: Defined ControlWindow3D.cpp:924. | N76: SC | O76: 01_sdr_workstation_GUI/src/ui/ControlWindow3D.h | P76: 179
A77: GUI-073 | B77: GUI (Qt) | C77: ControlWindow3D | D77: ControlWindow3D::onGenToggle | E77: slot | F77: void onGenToggle(); | G77: 'Start/Stop generator': in simulation toggles the modelled generator; on hardware stops it, or ensures DAC input = host stream, reads the chain, and starts IqGenerator into the H2C FIFO. | I77: IqGenerator::start(Config) queued / IqGenerator::stop() | L77: m_genBtn clicked; onVerifyLoopback | M77: Defined ControlWindow3D.cpp:1306. stop() is an atomic flag, safe cross-thread; start queued to the iqGen thread. | N77: SC | O77: 01_sdr_workstation_GUI/src/ui/ControlWindow3D.h | P77: 180
A78: GUI-074 | B78: GUI (Qt) | C78: ControlWindow3D | D78: ControlWindow3D::onVerifyLoopback | E78: slot | F78: void onVerifyLoopback(); | G78: 'Verify loopback': starts the generator if needed, then hops the tone by ~7.3 MHz and back, checking that the ADC-received tone moves with it (about 6 s). | I78: Verdict text in the chain group and log | L78: m_verifyBtn clicked | M78: Defined ControlWindow3D.cpp:2307. Requires a received peak within the last 2 s. Drives loopCheckTick via 100 ms QTimer. | N78: SC | O78: 01_sdr_workstation_GUI/src/ui/ControlWindow3D.h | P78: 181
A79: GUI-075 | B79: GUI (Qt) | C79: ControlWindow3D | D79: ControlWindow3D::loopCheckTick | E79: slot | F79: void loopCheckTick(); | G79: Loopback-check state machine: wait for transmit (8 s timeout), settle 1.5 s, measure tone A 1.2 s, move tone, settle, measure B, then finishLoopCheck(). | J79: tol = max(3*binHz*k, 0.01*|dTx|); pass if ||dRx|-|dTx|| <= tol | K79: Hz | L79: m_lcTimer QTimer::timeout (100 ms) | M79: Defined ControlWindow3D.cpp:2329. Median of collected peak samples. | N79: SC | O79: 01_sdr_workstation_GUI/src/ui/ControlWindow3D.h | P79: 182
A80: GUI-076 | B80: GUI (Qt) | C80: ControlWindow3D | D80: ControlWindow3D::onGenProgress | E80: slot | F80: void onGenProgress(quint64 total, double msps, quint64 chunks, quint64 reconnects); | G80: Shows proof of transmission: loop loads (coherent) or MSPS written and chunk count (streaming), plus reconnects. | H80: total, msps, chunks, reconnects | L80: IqGenerator::progress | M80: Defined ControlWindow3D.cpp:1356. | N80: SC | O80: 01_sdr_workstation_GUI/src/ui/ControlWindow3D.h | P80: 183
A81: GUI-077 | B81: GUI (Qt) | C81: ControlWindow3D | D81: ControlWindow3D::rfdcInvoke | E81: method | F81: void rfdcInvoke(const std::function<void()>& job); | G81: Queues a job onto the RFDC worker thread, refusing if not attached or a command is already in flight. | H81: job: functor | L81: All RFDC edit handlers | M81: Defined ControlWindow3D.cpp:731. QMetaObject::invokeMethod(m_rfdc, job, QueuedConnection); never blocks the GUI. | N81: SC | O81: 01_sdr_workstation_GUI/src/ui/ControlWindow3D.h | P81: 191
A82: GUI-078 | B82: GUI (Qt) | C82: ControlWindow3D | D82: ControlWindow3D::sendOnEdit | E82: method | F82: bool sendOnEdit(QWidget* w); | G82: Returns true if an edit may be transmitted now (values came from the device); otherwise marks the widget dirty for an explicit Apply. | H82: w: edited widget | I82: bool | L82: RFDC per-control edit handlers | M82: Defined ControlWindow3D.cpp:906. | N82: SC | O82: 01_sdr_workstation_GUI/src/ui/ControlWindow3D.h | P82: 193
A83: GUI-079 | B83: GUI (Qt) | C83: ControlWindow3D | D83: ControlWindow3D::ensureHostRouting | E83: method | F83: void ensureHostRouting(); | G83: On generator start, switches the DAC input to 'Host / GNU Radio stream' if attached and idle, else logs why it could not. | I83: Queued RfdcControl::setDacSource(PCIE_DAC_SRC_HOST) | L83: onGenToggle; onVerifyLoopback | M83: Defined ControlWindow3D.cpp:1849. | N83: SC | O83: 01_sdr_workstation_GUI/src/ui/ControlWindow3D.h | P83: 202
A84: GUI-080 | B84: GUI (Qt) | C84: ControlWindow3D | D84: ControlWindow3D::publishTxState | E84: method | F84: void publishTxState(); | G84: Emits txStateChanged(txState()) and refreshes the live chain. | I84: txStateChanged | L84: Generator/DAC-source/DDS handlers, snapshot, sim mode changes | M84: Defined ControlWindow3D.cpp:1895. | N84: SC | O84: 01_sdr_workstation_GUI/src/ui/ControlWindow3D.h | P84: 203
A85: GUI-081 | B85: GUI (Qt) | C85: ControlWindow3D | D85: ControlWindow3D::refreshChain | E85: method | F85: void refreshChain(); | G85: Rebuilds the live transmit-chain group (DAC input, DAC, NCO/RF, ADC, H2C playback, H2C to card, C2H capture, Received) from device readback and measurements. | L85: Most setters and publishTxState | M85: Defined ControlWindow3D.cpp:2105. | N85: SC | O85: 01_sdr_workstation_GUI/src/ui/ControlWindow3D.h | P85: 206
A86: GUI-082 | B86: GUI (Qt) | C86: ControlWindow3D | D86: ControlWindow3D::rxTrueHz | E86: method | F86: double rxTrueHz(double displayedHz) const; | G86: Corrects a displayed received frequency for a display-rate vs ADC-stream-rate mismatch. | H86: displayedHz | I86: Hz | J86: displayedHz * adcStreamMsps*1e6 / displayRateHz | K86: Hz | L86: setReceivedPeak | M86: Defined ControlWindow3D.cpp:2023. | N86: SC | O86: 01_sdr_workstation_GUI/src/ui/ControlWindow3D.h | P86: 209
A87: GUI-083 | B87: GUI (Qt) | C87: ControlWindow3D | D87: ControlWindow3D::expectedRxHz | E87: method | F87: double expectedRxHz(double txHz) const; | G87: Magnitude of the baseband frequency at which the ADC should see a transmitted tone, given both NCOs. | H87: txHz | I87: Hz | J87: |txHz + (dacNcoMHz - adcNcoMHz)*1e6| | K87: Hz | L87: refreshChain; finishLoopCheck | M87: Defined ControlWindow3D.cpp:2032. | N87: SC | O87: 01_sdr_workstation_GUI/src/ui/ControlWindow3D.h | P87: 211
A88: GUI-084 | B88: GUI (Qt) | C88: DisplayPanel | D88: sdr::ui::DisplayPanel | E88: class | F88: class DisplayPanel : public QWidget | G88: Right dock 'Display & Analysis': FFT size, window, averaging, refresh rate, dB floor/ceiling, colour map, waterfall rows, persistence, peak search, active channel / overlay and Reset averaging. | L88: MainWindow::buildDocks | M88: GUI thread. | N88: SC | O88: 01_sdr_workstation_GUI/src/ui/Panels.h | P88: 104
A89: GUI-085 | B89: GUI (Qt) | C89: DisplayPanel | D89: DisplayPanel::displayConfig | E89: method | F89: sdr::DisplayConfig displayConfig() const; | G89: Builds the DisplayConfig from the widgets (ceiling clamped to floor+10 dB if below floor). | I89: sdr::DisplayConfig | K89: dB | L89: MainWindow::onConfigChanged / onSourceRestartRequired | M89: Defined Panels.cpp:846. | N89: SC | O89: 01_sdr_workstation_GUI/src/ui/Panels.h | P89: 110
A90: GUI-086 | B90: GUI (Qt) | C90: DisplayPanel | D90: DisplayPanel::loadFrom | E90: method | F90: void loadFrom(const sdr::Config& cfg); | G90: Loads FFT size, window, averaging, refresh rate, floor/ceiling and colour map from a Config. | H90: cfg | L90: MainWindow constructor | M90: Defined Panels.cpp:876. | N90: SC | O90: 01_sdr_workstation_GUI/src/ui/Panels.h | P90: 111
A91: GUI-087 | B91: GUI (Qt) | C91: DisplayPanel | D91: DisplayPanel::setChannelCount | E91: method | F91: void setChannelCount(int n); | G91: Rebuilds the active-channel combo (CH 0..n-1), keeping the current choice when possible. | H91: n | L91: MainWindow::onConfigChanged | M91: Defined Panels.cpp:889. | N91: SC | O91: 01_sdr_workstation_GUI/src/ui/Panels.h | P91: 112
A92: GUI-088 | B92: GUI (Qt) | C92: DisplayPanel | D92: DisplayPanel::configChanged | E92: signal | F92: void configChanged(); | G92: Any display setting changed. | L92: MainWindow::onConfigChanged | N92: SC | O92: 01_sdr_workstation_GUI/src/ui/Panels.h | P92: 115
A93: GUI-089 | B93: GUI (Qt) | C93: DisplayPanel | D93: DisplayPanel::resetAveragingRequested | E93: signal | F93: void resetAveragingRequested(); | G93: Operator pressed Reset averaging. | L93: MainWindow lambda -> queued DspEngine::clearAverages + clearTraces on all plots | N93: SC | O93: 01_sdr_workstation_GUI/src/ui/Panels.h | P93: 116
A94: GUI-090 | B94: GUI (Qt) | C94: InstrumentPlot | D94: sdr::ui::InstrumentPlot | E94: class | F94: class InstrumentPlot : public PlotBase | G94: Abstract plot that receives FrameResults and the DisplayConfig; base of the four instrument plots. | L94: MainWindow::plots() | M94: GUI thread. | N94: SC | O94: 01_sdr_workstation_GUI/src/ui/Plots.h | P94: 12
A95: GUI-091 | B95: GUI (Qt) | C95: InstrumentPlot | D95: InstrumentPlot::setFrame | E95: method | F95: virtual void setFrame(const sdr::FrameResult& frame) = 0; | G95: Pure virtual: consume a new DSP frame. | H95: frame | L95: MainWindow::renderPending (visible plots only) | N95: SC | O95: 01_sdr_workstation_GUI/src/ui/Plots.h | P95: 18
A96: GUI-092 | B96: GUI (Qt) | C96: InstrumentPlot | D96: InstrumentPlot::setDisplayConfig | E96: method | F96: virtual void setDisplayConfig(const sdr::DisplayConfig& cfg) { m_disp = cfg; update(); } | G96: Stores display settings and repaints. | H96: cfg | L96: MainWindow::onConfigChanged | M96: Overridden by Spectrum/Waterfall/Constellation. | N96: SC | O96: 01_sdr_workstation_GUI/src/ui/Plots.h | P96: 19
A97: GUI-093 | B97: GUI (Qt) | C97: InstrumentPlot | D97: InstrumentPlot::clearTraces | E97: method | F97: virtual void clearTraces() {} | G97: Clears accumulated traces/history. | L97: MainWindow (restart, Reset averaging) | N97: SC | O97: 01_sdr_workstation_GUI/src/ui/Plots.h | P97: 20
A98: GUI-094 | B98: GUI (Qt) | C98: InstrumentPlot | D98: InstrumentPlot::visibleChannels | E98: method | F98: QVector<int> visibleChannels(std::size_t available) const; | G98: Channels to draw: all in Overlay view, else only the (clamped) active channel. | H98: available | I98: channel indices | L98: TimeDomainPlot/SpectrumPlot::setFrame | M98: Defined Plots.cpp:27. | N98: SC | O98: 01_sdr_workstation_GUI/src/ui/Plots.h | P98: 24
A99: GUI-095 | B99: GUI (Qt) | C99: MainWindow | D99: sdr::ui::MainWindow | E99: class | F99: class MainWindow : public QMainWindow | G99: The workstation shell: dockable Source/Display/Status/Measurement panels around a four-plot grid, toolbar transport (Start/Pause/Stop/Record/Open), status bar, and the owner of the acquisition, DSP and recorder worker threads and the backend launcher. | L99: Created in main() after the launcher dialog (main.cpp) | M99: GUI thread. Owns QThreads 'acquisition', 'dsp', 'recorder' (LowPriority); ControlWindow3D created lazily on first H2C CONTROL click. | N99: SC | O99: 01_sdr_workstation_GUI/src/ui/MainWindow.h | P99: 50
A100: GUI-096 | B100: GUI (Qt) | C100: MainWindow | D100: MainWindow::MainWindow | E100: method | F100: explicit MainWindow(const sdr::SystemConfig& sys, QWidget* parent = nullptr); | G100: Builds actions, plot grid, docks, menus, ResourceMonitor/ResourceBar, H2C CONTROL action, toolbar, status bar and the worker pipeline; restores QSettings layout, applies config, creates the source and auto-starts acquisition. | H100: sys: SystemConfig from the launcher (initial Config, device, data-flow mode, UDP options, driverLoadedBySession) | L100: main.cpp | M100: Defined MainWindow.cpp:70. Creates DriverManager only if sys.driverLoadedBySession. Starts ResourceMonitor at 1000 ms; render QTimer (PreciseTimer) at 1000/clamp(refreshFps,1,120) ms. Calls onStart() at the end. | N100: SC | O100: 01_sdr_workstation_GUI/src/ui/MainWindow.h | P100: 54
...

Sheet App Core
A1: App Core - API reference
A2: Application core (non-visual) classes: entry point, BackendLauncher, RfdcControl, IqGenerator, DspEngine, sources, recorder, guards, probes, types.
A3: 303 entries. Source: iW-ASCEJ-01-SF-R1.0-REL1.0/iW-ASCEJ-01-SC-R1.0-REL1.0 and iW-ASCEJ-01-FF-R1.0-REL1.0 of release REL1.0 (1.2.5).
A4: ID | B4: Category | C4: Sub-category | D4: API / symbol | E4: Kind | F4: Signature / definition | G4: Purpose | H4: Inputs / parameters | I4: Outputs / returns | J4: Formula / algorithm | K4: Units | L4: Used by / callers | M4: Notes | N4: Pkg | O4: Source file (in package folder) | P4: Line
A5: CORE-001 | B5: Entry point | C5: main.cpp | D5: scheduleCapture | E5: free function | F5: void scheduleCapture(QWidget* w, const QString& path, int delayMs) | G5: Dev/CI helper: after a delay grabs a widget to an image file and quits (reproducible screenshots). | H5: w, path, delayMs | I5: image file; app quits | K5: ms | L5: main (--capture) | M5: Anonymous namespace; QTimer::singleShot + QWidget::grab. | N5: SC | O5: 01_sdr_workstation_GUI/src/main.cpp | P5: 20
A6: CORE-002 | B6: Entry point | C6: main.cpp | D6: main | E6: free function | F6: int main(int argc, char** argv) | G6: Application entry: configures High-DPI, ignores SIGPIPE, creates QApplication (name 'iWave SDR Analysis Tool', icon, dark.qss), parses options, optionally prints the GPU/RDMA pre-flight and exits, otherwise builds a SystemConfig (from options or the ConfigDialog launcher), runs the PCIe discovery for DMA sessions, then shows MainWindow and enters the event loop. | H6: argc, argv (command-line options) | I6: Process exit code: app.exec(); 0 if launcher cancelled; 1 if PCIe discovery fails; 0/2 for --preflight (gpuPathViable) | L6: OS process start | M6: GUI thread. setApplicationName/OrganizationName called before QSettings use; organization name is set twice (last 'SignalAnalysis'). | N6: SC | O6: 01_sdr_workstation_GUI/src/main.cpp | P6: 31
A7: CORE-003 | B7: Entry point | C7: main.cpp | D7: main: command-line options | E7: method | F7: QCommandLineParser parser; ... parser.process(app); | G7: Options: --skip-config, --mode sim|file|dma (roce also accepted), --file <path>, --roce <ring> (default /dev/shm/iqring), --device <path>, --format cs8|cu8|cs12|cs16|cs32|cf32|cf64, --channels n (1..16), --rate msps (default 122.88), --capture <file>, --capture-delay ms, --preflight/--gpu-rdma-preflight, --help, --version. | H7: argv | I7: SystemConfig.initial fields | K7: MSPS, ms | L7: main | M7: Any of --skip-config/--file/--device/--mode/--roce skips the launcher dialog. | N7: SC | O7: 01_sdr_workstation_GUI/src/main.cpp | P7: 72
A8: CORE-004 | B8: Entry point | C8: main.cpp | D8: main: GPU/RDMA preflight mode | E8: method | F8: if (parser.isSet(preflight)) { ... runGpuNetPreflight() ... } | G8: Headless capability report: prints the Ethernet/RoCEv2 -> GPU dependency matrix and transport decision to stdout and exits. | H8: --preflight | I8: stdout report; exit 0 if GPU path viable else 2 | L8: main | M8: Side-effect free; runs before any window or stylesheet. | N8: SC | O8: 01_sdr_workstation_GUI/src/main.cpp | P8: 138
A9: CORE-005 | B9: Entry point | C9: main.cpp | D9: main: RoCE ring adoption | E9: method | F9: if (sdr::RoceShmSource::peekRingInfo(cfg.initial.src.devicePath, &rate, &ctr)) { | G9: For --roce, forces Cs16 single channel and adopts sample rate and centre frequency from the ring's control block (decimation/interpolation 1, NCO 0). | H9: ring path | I9: cfg.initial.acq updated | K9: MSPS, GHz | L9: main | N9: SC | O9: 01_sdr_workstation_GUI/src/main.cpp | P9: 176
A10: CORE-006 | B10: Entry point | C10: main.cpp | D10: main: launcher dialog | E10: method | F10: sdr::ui::ConfigDialog dialog; ... if (dialog.exec() != QDialog::Accepted) return 0; cfg = dialog.config(); | G10: When not preconfigured, shows the modal ConfigDialog launcher; Cancel exits; Accept replaces the SystemConfig with the launcher's choices. | I10: SystemConfig | L10: main | M10: With --capture the dialog is shown and screenshotted instead. | N10: SC | O10: 01_sdr_workstation_GUI/src/main.cpp | P10: 201
A11: CORE-007 | B11: Entry point | C11: main.cpp | D11: main: PCIe discovery | E11: method | F11: sdr::ui::PcieDiscoveryDialog discovery(cfg.initial.src.devicePath); discovery.exec(); if (!discovery.passed()) return 1; | G11: Whenever the session starts in Dma mode (PCIe or a UDP FIFO, both map to Dma), runs the PCIe pre-flight splash before the workstation opens; failure exits with code 1. | H11: devicePath | L11: main | M11: Runs in addition to the launcher's own pre-flight (ConfigDialog Launch); a FIFO path passes with only the node check. driverLoadedHere() of this instance is not copied into SystemConfig. Skipped in --capture mode unless SDR_CAPTURE_DISCOVERY is set. | N11: SC | O11: 01_sdr_workstation_GUI/src/main.cpp | P11: 225
A12: CORE-008 | B12: Entry point | C12: main.cpp | D12: main: workstation start | E12: method | F12: auto* window = new sdr::ui::MainWindow(cfg); window->setAttribute(Qt::WA_DeleteOnClose); window->show(); | G12: Creates and shows the MainWindow (which auto-starts acquisition) and runs the Qt event loop. | H12: cfg | I12: app.exec() result | L12: main | M12: WA_DeleteOnClose so ~MainWindow's ordered teardown runs on close. | N12: SC | O12: 01_sdr_workstation_GUI/src/main.cpp | P12: 231
A13: CORE-009 | B13: Application core | C13: BackendLauncher | D13: sdr::BackendMode | E13: enum | F13: enum class BackendMode { C2H, H2C_C2H, UdpStream }; | G13: Backend pipeline: capture only; H2C playback + C2H capture loopback; 100G UDP receiver. | L13: BackendConfig.mode; MainWindow::startBackendThenAcquire (dataFlowMode != 0 -> H2C_C2H) | M13: Q_DECLARE_METATYPE. | N13: SC | O13: 01_sdr_workstation_GUI/src/core/BackendLauncher.h | P13: 66
A14: CORE-010 | B14: Application core | C14: BackendLauncher | D14: sdr::backendModeName | E14: free function | F14: QString backendModeName(BackendMode m); | G14: Display name of a backend mode. | H14: m | I14: QString | L14: MainWindow::startBackendThenAcquire; start | M14: Defined BackendLauncher.cpp:198. | N14: SC | O14: 01_sdr_workstation_GUI/src/core/BackendLauncher.h | P14: 72
A15: CORE-011 | B15: Application core | C15: BackendLauncher | D15: sdr::kH2cChunkLadder | E15: free function | F15: constexpr int kH2cChunkLadder[] = { 16 << 20, 4 << 20, 1 << 20, 256 << 10, 64 << 10, 16 << 10 }; | G15: Step-down ladder of iwfg_h2c chunk sizes; default 1 MiB (kH2cChunkDefault), limits 1024..64 MiB. | J15: host tone resolution = fs / (bytes/4) | K15: bytes | L15: nextSmallerH2cChunk | M15: Constants, not functions. | N15: SC | O15: 01_sdr_workstation_GUI/src/core/BackendLauncher.h | P15: 94
A16: CORE-012 | B16: Application core | C16: BackendLauncher | D16: sdr::defaultH2cChunkBytes | E16: free function | F16: int defaultH2cChunkBytes(); | G16: Starting H2C chunk: IWFG_H2C_CHUNK_BYTES if valid (1024..64 MiB, multiple of 4), else 1 MiB. | I16: bytes | K16: bytes | L16: BackendConfig default; MainWindow (Retry transmit); ControlWindow3D ctor; restartH2c | M16: Defined BackendLauncher.cpp:90. | N16: SC | O16: 01_sdr_workstation_GUI/src/core/BackendLauncher.h | P16: 100
A17: CORE-013 | B17: Application core | C17: BackendLauncher | D17: sdr::nextSmallerH2cChunk | E17: free function | F17: int nextSmallerH2cChunk(int bytes); | G17: Next smaller ladder rung below bytes, or 0 at the bottom. | H17: bytes | I17: bytes | L17: retryH2cSmaller | M17: Defined BackendLauncher.cpp:98. | N17: SC | O17: 01_sdr_workstation_GUI/src/core/BackendLauncher.h | P17: 102
A18: CORE-014 | B18: Application core | C18: BackendLauncher | D18: sdr::byteSizeText | E18: free function | F18: QString byteSizeText(qint64 bytes); | G18: Formats '16 MiB', '256 KiB', '1000 B'. | H18: bytes | I18: QString | L18: BackendLauncher messages | M18: Defined BackendLauncher.cpp:105. | N18: SC | O18: 01_sdr_workstation_GUI/src/core/BackendLauncher.h | P18: 104
A19: CORE-015 | B19: Application core | C19: BackendLauncher | D19: sdr::parseH2cRateLine | E19: free function | F19: bool parseH2cRateLine(const QString& line, double* mibPerSec, int* updatesPerSec); | G19: Parses iwfg_h2c's '[H2C] 640.58 MB/s ... GR_updates=48/s' line (MB = MiB). | H19: line | I19: mibPerSec, updatesPerSec (-1 if absent); bool | K19: MiB/s | L19: handleH2cLine | M19: Defined BackendLauncher.cpp:114. QRegularExpression. | N19: SC | O19: 01_sdr_workstation_GUI/src/core/BackendLauncher.h | P19: 107
A20: CORE-016 | B20: Application core | C20: BackendLauncher | D20: sdr::parseC2hRateLine | E20: free function | F20: bool parseC2hRateLine(const QString& line, double* mibPerSec); | G20: Parses c2h_stream's 'Streaming: 2416.93 MB/s' line. | H20: line | I20: mibPerSec; bool | K20: MiB/s | L20: handleC2hLine | M20: Defined BackendLauncher.cpp:125. | N20: SC | O20: 01_sdr_workstation_GUI/src/core/BackendLauncher.h | P20: 109
A21: CORE-017 | B21: Application core | C21: BackendLauncher | D21: sdr::isH2cStallLine | E21: free function | F21: bool isH2cStallLine(const QString& line); | G21: True when iwfg_h2c reports the card is not consuming (stall kick, timeout, EBUSY, cycling). | H21: line | I21: bool | L21: handleH2cLine | M21: Defined BackendLauncher.cpp:135. | N21: SC | O21: 01_sdr_workstation_GUI/src/core/BackendLauncher.h | P21: 112
A22: CORE-018 | B22: Application core | C22: BackendLauncher | D22: sdr::H2cState | E22: enum | F22: enum class H2cState { NotRunning, WaitingForData, Starting, Streaming, Stalled, Restarting, Failed }; | G22: Transmit-helper (iwfg_h2c) state for display. | L22: BackendLauncher::h2cStateChanged -> MainWindow -> ControlWindow3D::setH2cHelperState | M22: Q_DECLARE_METATYPE. | N22: SC | O22: 01_sdr_workstation_GUI/src/core/BackendLauncher.h | P22: 115
A23: CORE-019 | B23: Application core | C23: BackendLauncher | D23: sdr::h2cStateName | E23: free function | F23: QString h2cStateName(H2cState s); | G23: Display name of an H2cState. | H23: s | I23: QString | L23: MainWindow log; ControlWindow3D::setH2cHelperState | M23: Defined BackendLauncher.cpp:146. | N23: SC | O23: 01_sdr_workstation_GUI/src/core/BackendLauncher.h | P23: 124
A24: CORE-020 | B24: Application core | C24: BackendLauncher | D24: sdr::C2hExit | E24: enum | F24: enum class C2hExit { Unknown, ReaderClosed, DriverError, Interrupted, StartupError }; | G24: Why c2h_stream ended (it exits 0 for all of these; classified from its output). | L24: onProcessFinished | N24: SC | O24: 01_sdr_workstation_GUI/src/core/BackendLauncher.h | P24: 128
A25: CORE-021 | B25: Application core | C25: BackendLauncher | D25: sdr::classifyC2hExit | E25: free function | F25: C2hExit classifyC2hExit(const QStringList& lines, QString* detail); | G25: Classifies a c2h_stream exit from its printed lines. | H25: lines | I25: C2hExit; decisive line in detail | L25: onProcessFinished | M25: Defined BackendLauncher.cpp:160. | N25: SC | O25: 01_sdr_workstation_GUI/src/core/BackendLauncher.h | P25: 130
A26: CORE-022 | B26: Application core | C26: BackendLauncher | D26: sdr::c2hExitText | E26: free function | F26: QString c2hExitText(C2hExit e); | G26: Display text for a C2hExit. | H26: e | I26: QString | L26: onProcessFinished | M26: Defined BackendLauncher.cpp:181. | N26: SC | O26: 01_sdr_workstation_GUI/src/core/BackendLauncher.h | P26: 131
A27: CORE-023 | B27: Application core | C27: BackendLauncher | D27: sdr::BackendConfig | E27: struct | F27: struct BackendConfig { | G27: Launch parameters: mode, c2hDevice (/dev/iwfg0), c2hFifo (/tmp/iwfg_fifo), h2cDevice (/dev/iwfg1), h2cFifo (/tmp/iwfg_h2c.fifo), h2cChunkBytes, c2hRestartLimit (3), UDP port/bind/FIFO/payload/raw iface/CPU pinning/hugepages. | L27: MainWindow::startBackendThenAcquire / startUdpThenAcquire -> BackendLauncher::start | M27: Q_DECLARE_METATYPE. /dev/iwfg0 is C2H, /dev/iwfg1 is H2C (driver derives direction from node). | N27: SC | O27: 01_sdr_workstation_GUI/src/core/BackendLauncher.h | P27: 136
A28: CORE-024 | B28: Application core | C28: BackendLauncher | D28: sdr::BackendProcess | E28: struct | F28: struct BackendProcess { | G28: One managed child: label, program, args, QProcess*, role (Capture/Playback/Udp), output tail, notable lines, essential flag, streamed, rate lines, H2C chunk/stall state, ordered-stop phase. | L28: BackendLauncher internals | N28: SC | O28: 01_sdr_workstation_GUI/src/core/BackendLauncher.h | P28: 158
A29: CORE-025 | B29: Application core | C29: BackendLauncher | D29: sdr::BackendLauncher | E29: class | F29: class BackendLauncher : public QObject | G29: Owns the lifecycle of the external helper applications - c2h_stream (card -> capture FIFO), iwfg_h2c (H2C FIFO -> card) and the UDP receiver iwfg_c2h - launching them via QProcess, parsing their output, supervising/recovering them, and stopping them in order. Contains no UI. | L29: MainWindow::ensureBackend (created once) | M29: GUI thread (owned by MainWindow). 1.2.4: non-blocking start/stop, running QProcess never destroyed (reaper). 1.2.5: ordered stop (transmit first, then capture) so the driver soft-resets the QDMA cleanly. | N29: SC | O29: 01_sdr_workstation_GUI/src/core/BackendLauncher.h | P29: 192
A30: CORE-026 | B30: Application core | C30: BackendLauncher | D30: BackendLauncher::~BackendLauncher | E30: method | F30: ~BackendLauncher() override; | G30: Stops all helpers within about 2 s so a closed window cannot leave processes holding the device node. | L30: ~MainWindow (delete m_backend) | M30: Defined BackendLauncher.cpp:410. Uses ::kill(pid, SIGINT); never waits on a helper stuck in the driver. | N30: SC | O30: 01_sdr_workstation_GUI/src/core/BackendLauncher.h | P30: 197
A31: CORE-027 | B31: Application core | C31: BackendLauncher | D31: BackendLauncher::backendDirectory | E31: method | F31: static QString backendDirectory(); | G31: Locates backend/ beside the executable or in the source tree. | I31: path or empty | L31: binaryPath, buildBinaries, start | M31: Defined BackendLauncher.cpp:210. | N31: SC | O31: 01_sdr_workstation_GUI/src/core/BackendLauncher.h | P31: 202
A32: CORE-028 | B32: Application core | C32: BackendLauncher | D32: BackendLauncher::binaryPath | E32: method | F32: static QString binaryPath(const QString& name); | G32: Path to a built helper (c2h_stream, iwfg_h2c) or empty. | H32: name | I32: path | L32: start, launchC2h, launchH2c, restartH2c | M32: Defined BackendLauncher.cpp:226. | N32: SC | O32: 01_sdr_workstation_GUI/src/core/BackendLauncher.h | P32: 205
A33: CORE-029 | B33: Application core | C33: BackendLauncher | D33: BackendLauncher::binariesAvailable | E33: method | F33: static bool binariesAvailable(); | G33: True when both PCIe helper binaries are present and executable. | I33: bool | L33: MainWindow::startBackendThenAcquire | M33: Defined BackendLauncher.cpp:330. | N33: SC | O33: 01_sdr_workstation_GUI/src/core/BackendLauncher.h | P33: 208
A34: CORE-030 | B34: Application core | C34: BackendLauncher | D34: BackendLauncher::udpBinaryPath | E34: method | F34: static QString udpBinaryPath(); | G34: Path to backend/udp/iwfg_c2h or empty. | I34: path | L34: MainWindow::startUdpThenAcquire; start (UdpStream) | M34: Defined BackendLauncher.cpp:336. | N34: SC | O34: 01_sdr_workstation_GUI/src/core/BackendLauncher.h | P34: 212
A35: CORE-031 | B35: Application core | C35: BackendLauncher | D35: BackendLauncher::buildUdpBinary | E35: method | F35: static QString buildUdpBinary(bool* ok); | G35: Runs make in backend/udp to build the UDP receiver. | I35: build transcript; ok | L35: MainWindow::startUdpThenAcquire | M35: Defined BackendLauncher.cpp:359. Blocking QProcess on the GUI thread (wait cursor shown by caller). | N35: SC | O35: 01_sdr_workstation_GUI/src/core/BackendLauncher.h | P35: 213
A36: CORE-032 | B36: Application core | C36: BackendLauncher | D36: BackendLauncher::udpPortAvailable | E36: method | F36: static bool udpPortAvailable(int port, QString* who = nullptr); | G36: Checks nothing else holds the UDP port by binding a test socket, so a clash is reported plainly. | H36: port | I36: bool; who | L36: MainWindow::startUdpThenAcquire | M36: Defined BackendLauncher.cpp:345. POSIX socket(AF_INET, SOCK_DGRAM)+bind(). | N36: SC | O36: 01_sdr_workstation_GUI/src/core/BackendLauncher.h | P36: 217
A37: CORE-033 | B37: Application core | C37: BackendLauncher | D37: BackendLauncher::buildBinaries | E37: method | F37: static QString buildBinaries(bool* ok); | G37: Builds the helpers with make in the backend directory (couple of seconds). | I37: build transcript; ok | L37: MainWindow::startBackendThenAcquire | M37: Defined BackendLauncher.cpp:375. Blocking. | N37: SC | O37: 01_sdr_workstation_GUI/src/core/BackendLauncher.h | P37: 222
A38: CORE-034 | B38: Application core | C38: BackendLauncher | D38: BackendLauncher::captureFifo | E38: method | F38: static QString captureFifo(const BackendConfig& cfg) | G38: FIFO the workstation should read for a config (udpFifo for UdpStream, else c2hFifo). | H38: cfg | I38: path | M38: Inline. | N38: SC | O38: 01_sdr_workstation_GUI/src/core/BackendLauncher.h | P38: 225
A39: CORE-035 | B39: Application core | C39: BackendLauncher | D39: BackendLauncher::helperLoads | E39: method | F39: static bool helperLoads(const QString& path, QString* why); | G39: Checks a helper binary can load on this host by running it with arguments that make it exit before touching a device; cached per path+size+mtime. | H39: path | I39: bool; why | L39: start; restartH2c | M39: Defined BackendLauncher.cpp:250. On failure start() rebuilds once with make -B. | N39: SC | O39: 01_sdr_workstation_GUI/src/core/BackendLauncher.h | P39: 230
A40: CORE-036 | B40: Application core | C40: BackendLauncher | D40: BackendLauncher::isRunning | E40: method | F40: bool isRunning() const { return !m_procs.isEmpty(); } | G40: True while any helper is managed. | I40: bool | L40: MainWindow (many guards) | M40: Inline. | N40: SC | O40: 01_sdr_workstation_GUI/src/core/BackendLauncher.h | P40: 232
A41: CORE-037 | B41: Application core | C41: BackendLauncher | D41: BackendLauncher::isStopping | E41: method | F41: bool isStopping() const { return m_stopping; } | G41: True during an asynchronous stop. | I41: bool | L41: MainWindow | M41: Inline. | N41: SC | O41: 01_sdr_workstation_GUI/src/core/BackendLauncher.h | P41: 233
A42: CORE-038 | B42: Application core | C42: BackendLauncher | D42: BackendLauncher::h2cRunning | E42: method | F42: bool h2cRunning() const; | G42: True when an H2C playback helper is running. | I42: bool | L42: MainWindow txStateChanged / becameReady handlers; ensureH2c | M42: Defined BackendLauncher.cpp:464. | N42: SC | O42: 01_sdr_workstation_GUI/src/core/BackendLauncher.h | P42: 234
A43: CORE-039 | B43: Application core | C43: BackendLauncher | D43: BackendLauncher::h2cState | E43: method | F43: H2cState h2cState() const { return m_h2cState; } | G43: Current transmit-helper state. | I43: H2cState | M43: Inline. | N43: SC | O43: 01_sdr_workstation_GUI/src/core/BackendLauncher.h | P43: 235
A44: CORE-040 | B44: Application core | C44: BackendLauncher | D44: BackendLauncher::config | E44: method | F44: BackendConfig config() const { return m_cfg; } | G44: The active BackendConfig. | I44: BackendConfig | L44: MainWindow H2C CONTROL action (h2cFifo) | M44: Inline. | N44: SC | O44: 01_sdr_workstation_GUI/src/core/BackendLauncher.h | P44: 237
A45: CORE-041 | B45: Application core | C45: BackendLauncher | D45: BackendLauncher::lingeringProcesses | E45: method | F45: int lingeringProcesses() const { return m_reaping.size(); } | G45: Helpers told to exit that have not yet (stuck in the driver). | I45: int | M45: Inline. | N45: SC | O45: 01_sdr_workstation_GUI/src/core/BackendLauncher.h | P45: 239
A46: CORE-042 | B46: Application core | C46: BackendLauncher | D46: BackendLauncher::isResetting | E46: method | F46: bool isResetting() const { return m_resetting; } | G46: True while resetDevice() is stopping and restarting. | I46: bool | L46: MainWindow::checkCaptureRate | M46: Inline. 1.2.5. | N46: SC | O46: 01_sdr_workstation_GUI/src/core/BackendLauncher.h | P46: 241
A47: CORE-043 | B47: Application core | C47: BackendLauncher | D47: BackendLauncher::start | E47: slot | F47: void start(const sdr::BackendConfig& cfg); | G47: Launches the helpers for a mode: UdpStream runs iwfg_c2h (via pkexec for --raw when not root); PCIe pre-flights binaries and device nodes, starts iwfg_h2c first in H2C_C2H mode (optional), then c2h_stream; emits becameReady after a settle delay. | H47: cfg: BackendConfig | I47: statusMessage, becameReady(fifo) or startFailed(reason); processFailed (non-fatal) if H2C cannot start | K47: ms | L47: MainWindow::startBackendThenAcquire / startUdpThenAcquire; finishStop (queued start) | M47: Defined BackendLauncher.cpp:479. Non-blocking (waitForStarted(3000) per helper). Settle 900 ms (PCIe) / 4000 ms (UDP). Queued if a stop is in progress. | N47: SC | O47: 01_sdr_workstation_GUI/src/core/BackendLauncher.h | P47: 247
A48: CORE-044 | B48: Application core | C48: BackendLauncher | D48: BackendLauncher::stop | E48: slot | F48: void stop(); | G48: Asynchronous ordered shutdown: SIGINT to playback first, capture after playback exits (or 1.5 s), then SIGTERM after 2.5 s and SIGKILL after a further 1.5 s; stuck helpers are left to the reaper. | I48: statusMessage; stopped() when done | K48: ms | L48: MainWindow::onStop / onSourceRestartRequired; resetDevice | M48: Defined BackendLauncher.cpp:995. Returns at once. 1.2.5: ordered stop (1.2.3 blocked up to 10 s). | N48: SC | O48: 01_sdr_workstation_GUI/src/core/BackendLauncher.h | P48: 251
A49: CORE-045 | B49: Application core | C49: BackendLauncher | D49: BackendLauncher::restartH2c | E49: slot | F49: void restartH2c(int chunkBytes = 0); | G49: Operator 'Retry transmit': relaunches iwfg_h2c (default buffer when 0) after checking the binary loads and the H2C node; upgrades a C2H session to H2C_C2H. | H49: chunkBytes (0 = default) | I49: h2cStateChanged(Restarting/Failed), processFailed (non-fatal) on error | L49: MainWindow (ControlWindow3D::h2cRestartRequested); ensureH2c | M49: Defined BackendLauncher.cpp:947. Old helper released without blocking; new one launched when it is gone. | N49: SC | O49: 01_sdr_workstation_GUI/src/core/BackendLauncher.h | P49: 255
A50: CORE-046 | B50: Application core | C50: BackendLauncher | D50: BackendLauncher::ensureH2c | E50: slot | F50: bool ensureH2c(); | G50: Starts H2C playback if none runs (transmit requested in a capture-only session). | I50: true if a helper runs or is restarting | L50: MainWindow txStateChanged and becameReady handlers | M50: Defined BackendLauncher.cpp:932. | N50: SC | O50: 01_sdr_workstation_GUI/src/core/BackendLauncher.h | P50: 260
A51: CORE-047 | B51: Application core | C51: BackendLauncher | D51: BackendLauncher::resetDevice | E51: slot | F51: void resetDevice(const QString& why); | G51: Recovers a wedged DMA device: ordered stop (driver soft-resets the QDMA when the last C2H stream closes) then restart with the same config. | H51: why: reason text | I51: deviceReset(true, why) ... deviceReset(false, why) after becameReady | L51: MainWindow::checkCaptureRate (capture delivered nothing for 5 s) | M51: Defined BackendLauncher.cpp:916. 1.2.5. Not for UdpStream. | N51: SC | O51: 01_sdr_workstation_GUI/src/core/BackendLauncher.h | P51: 266
A52: CORE-048 | B52: Application core | C52: BackendLauncher | D52: BackendLauncher::statusMessage | E52: signal | F52: void statusMessage(const QString& line); | G52: Human-readable launcher progress. | I52: line | L52: MainWindow::ensureBackend connects -> status bar, backend log, H2C window log | N52: SC | O52: 01_sdr_workstation_GUI/src/core/BackendLauncher.h | P52: 270
A53: CORE-049 | B53: Application core | C53: BackendLauncher | D53: BackendLauncher::logLine | E53: signal | F53: void logLine(const QString& line); | G53: A line of a helper's merged stdout/stderr, prefixed with its label. | I53: line | L53: MainWindow::ensureBackend connects -> backend log; status bar except ' MB/s' rate lines | N53: SC | O53: 01_sdr_workstation_GUI/src/core/BackendLauncher.h | P53: 272
A54: CORE-050 | B54: Application core | C54: BackendLauncher | D54: BackendLauncher::becameReady | E54: signal | F54: void becameReady(const QString& captureFifo); | G54: All helpers up and the capture FIFO ready to open. | I54: captureFifo path | L54: MainWindow::ensureBackend connects: set devicePath = fifo, onSourceRestartRequired(), onStart(), ensureH2c if generator already running | N54: SC | O54: 01_sdr_workstation_GUI/src/core/BackendLauncher.h | P54: 274
A55: CORE-051 | B55: Application core | C55: BackendLauncher | D55: BackendLauncher::startFailed | E55: signal | F55: void startFailed(const QString& reason); | G55: Could not start (user-presentable reason). | I55: reason | L55: MainWindow::ensureBackend connects -> 'backend-start' notice | N55: SC | O55: 01_sdr_workstation_GUI/src/core/BackendLauncher.h | P55: 276
A56: CORE-052 | B56: Application core | C56: BackendLauncher | D56: BackendLauncher::processFailed | E56: signal | F56: void processFailed(const QString& label, int exitCode, const QString& reason, bool fatal); | G56: A helper exited and will not be restarted; fatal=false for an optional stage (H2C) so capture continues. | I56: label, exitCode (-1 if n/a), reason, fatal | L56: MainWindow::ensureBackend connects: fatal -> queued source stop + 'backend-fatal' notice; else 'backend-optional' notice | N56: SC | O56: 01_sdr_workstation_GUI/src/core/BackendLauncher.h | P56: 280
A57: CORE-053 | B57: Application core | C57: BackendLauncher | D57: BackendLauncher::stopped | E57: signal | F57: void stopped(); | G57: Everything stopped and released. | L57: MainWindow::ensureBackend connects -> publishHelperState() | N57: SC | O57: 01_sdr_workstation_GUI/src/core/BackendLauncher.h | P57: 283
A58: CORE-054 | B58: Application core | C58: BackendLauncher | D58: BackendLauncher::h2cChunkBytesChanged | E58: signal | F58: void h2cChunkBytesChanged(int bytes); | G58: Chunk size iwfg_h2c runs with (at launch and after a step-down); the generator loop must match. | I58: bytes | K58: bytes | L58: MainWindow::ensureBackend connects -> ControlWindow3D::setH2cChunkBytes | N58: SC | O58: 01_sdr_workstation_GUI/src/core/BackendLauncher.h | P58: 286
A59: CORE-055 | B59: Application core | C59: BackendLauncher | D59: BackendLauncher::h2cThroughput | E59: signal | F59: void h2cThroughput(double mibPerSec, int updatesPerSec); | G59: iwfg_h2c's measured delivery to the card, once a second. | I59: mibPerSec, updatesPerSec | K59: MiB/s | L59: MainWindow::ensureBackend connects -> ControlWindow3D::setH2cThroughput | N59: SC | O59: 01_sdr_workstation_GUI/src/core/BackendLauncher.h | P59: 288
A60: CORE-056 | B60: Application core | C60: BackendLauncher | D60: BackendLauncher::h2cStateChanged | E60: signal | F60: void h2cStateChanged(sdr::H2cState state, const QString& detail); | G60: Transmit helper state changed. | I60: H2cState, detail | L60: MainWindow::ensureBackend connects -> log + publishHelperState() | N60: SC | O60: 01_sdr_workstation_GUI/src/core/BackendLauncher.h | P60: 290
A61: CORE-057 | B61: Application core | C61: BackendLauncher | D61: BackendLauncher::c2hThroughput | E61: signal | F61: void c2hThroughput(double mibPerSec); | G61: c2h_stream's measured delivery from the card, once a second (first line skipped). | I61: mibPerSec | K61: MiB/s | L61: Not connected in MainWindow | N61: SC | O61: 01_sdr_workstation_GUI/src/core/BackendLauncher.h | P61: 292
A62: CORE-058 | B62: Application core | C62: BackendLauncher | D62: BackendLauncher::c2hRecovering | E62: signal | F62: void c2hRecovering(const QString& why, int attempt, int limit); | G62: Capture helper ended on its own after streaming and is being restarted (bounded per minute). | I62: why, attempt, limit | L62: MainWindow::ensureBackend connects -> status bar + H2C window log | M62: Limit BackendConfig.c2hRestartLimit (3/min). | N62: SC | O62: 01_sdr_workstation_GUI/src/core/BackendLauncher.h | P62: 294
A63: CORE-059 | B63: Application core | C63: BackendLauncher | D63: BackendLauncher::deviceReset | E63: signal | F63: void deviceReset(bool inProgress, const QString& why); | G63: resetDevice began (true) / device running again (false). | I63: inProgress, why | L63: MainWindow::ensureBackend connects -> status bar, backend log, H2C window log; resets zero-rate counter | M63: 1.2.5. | N63: SC | O63: 01_sdr_workstation_GUI/src/core/BackendLauncher.h | P63: 296
A64: CORE-060 | B64: Application core | C64: BackendLauncher | D64: BackendLauncher::onReadyRead | E64: slot | F64: void onReadyRead(); | G64: Reads helper output lines, keeps tails, dispatches to handleC2hLine/handleH2cLine (rates, stalls, state). | I64: logLine, h2cThroughput, c2hThroughput, h2cStateChanged | L64: QProcess::readyReadStandardOutput (launchOne) | M64: Defined BackendLauncher.cpp:1300. | N64: SC | O64: 01_sdr_workstation_GUI/src/core/BackendLauncher.h | P64: 299
A65: CORE-061 | B65: Application core | C65: BackendLauncher | D65: BackendLauncher::onProcessFinished | E65: slot | F65: void onProcessFinished(int exitCode, QProcess::ExitStatus status); | G65: Handles a helper exit: H2C retried smaller or reported non-fatal; C2H restarted if it had streamed (classifyC2hExit) and within the limit, else fatal. | H65: exitCode, status | I65: c2hRecovering / processFailed | L65: QProcess::finished (launchOne) | M65: Defined BackendLauncher.cpp:1332. | N65: SC | O65: 01_sdr_workstation_GUI/src/core/BackendLauncher.h | P65: 300
A66: CORE-062 | B66: Application core | C66: BackendLauncher | D66: BackendLauncher::onProcessError | E66: slot | F66: void onProcessError(QProcess::ProcessError err); | G66: Logs a QProcess error for a helper. | H66: err | I66: logLine | L66: QProcess::errorOccurred (launchOne) | M66: Defined BackendLauncher.cpp:1430. | N66: SC | O66: 01_sdr_workstation_GUI/src/core/BackendLauncher.h | P66: 301
A67: CORE-063 | B67: Application core | C67: BackendLauncher | D67: BackendLauncher::launchOne | E67: method | F67: bool launchOne(const QString& label, const QString& program, const QStringList& args, BackendProcess::Role role, QString* error); | G67: Starts one helper QProcess (merged channels); capture helpers are wrapped in 'stdbuf -oL' so their output is line-buffered. | H67: label, program, args, role | I67: bool; error | L67: launchC2h, launchH2c, start (UDP) | M67: Defined BackendLauncher.cpp:688. stdbuf exec()s the helper so SIGINT reaches it; IWFG_NO_STDBUF disables. | N67: SC | O67: 01_sdr_workstation_GUI/src/core/BackendLauncher.h | P67: 310
A68: CORE-064 | B68: Application core | C68: BackendLauncher | D68: BackendLauncher::release | E68: method | F68: void release(QProcess* p, std::function<void()> whenGone = {}); | G68: Lets go of a process without blocking: deletes it if exited, else SIGINT, kill() after 1.5 s, and keeps it in the reaper until it really exits. | H68: p, whenGone callback | L68: finishStop, teardown, restartH2c, launchOne | M68: Defined BackendLauncher.cpp:1120. Avoids QProcess destructor blocking on a helper stuck in the driver. | N68: SC | O68: 01_sdr_workstation_GUI/src/core/BackendLauncher.h | P68: 336
A69: CORE-065 | B69: Application core | C69: CaptureBudget | D69: sdr::kCaptureBudgetMib | E69: free function | F69: constexpr double kCaptureBudgetMib = 1600.0; | G69: What the capture may ask for while transmitting (2 ch at 200 MSPS fit; 4 do not). | I69: 1600.0 | K69: MiB/s | L69: MainWindow::transmitGuard | M69: 1.2.5. Constant, not a function. | N69: SC | O69: 01_sdr_workstation_GUI/src/core/CaptureBudget.h | P69: 23
A70: CORE-066 | B70: Application core | C70: CaptureBudget | D70: sdr::captureNeedMib | E70: free function | F70: inline double captureNeedMib(int channels, double rateMsps, int bytesPerSample) | G70: MiB/s a capture of channels x rate x sample size needs. | H70: channels, rateMsps, bytesPerSample | I70: MiB/s | J70: channels*rateMsps*1e6*bytesPerSample/1048576 | K70: MiB/s | L70: MainWindow::checkCaptureRate / transmitGuard | M70: 1.2.5, pure. | N70: SC | O70: 01_sdr_workstation_GUI/src/core/CaptureBudget.h | P70: 26
A71: CORE-067 | B71: Application core | C71: CaptureBudget | D71: sdr::plGpioModeForChannels | E71: free function | F71: inline int plGpioModeForChannels(int channels) | G71: PL GPIO routing mode (firmware menu 10) for a channel count: 1 single, 2 two, 3 four. | H71: channels | I71: mode 1..3 | L71: MainWindow::transmitGuard | M71: 1.2.5, pure. | N71: SC | O71: 01_sdr_workstation_GUI/src/core/CaptureBudget.h | P71: 33
A72: CORE-068 | B72: Application core | C72: CaptureBudget | D72: sdr::captureChannelsWithinBudget | E72: free function | F72: inline int captureChannelsWithinBudget(int channels, double rateMsps, int bytesPerSample, double budgetMib = kCaptureBudgetMib) | G72: Channels to capture while transmitting: channels if it fits the budget, else 2 or 1. | H72: channels, rateMsps, bytesPerSample, budgetMib | I72: int channels | L72: MainWindow::transmitGuard | M72: 1.2.5, pure. | N72: SC | O72: 01_sdr_workstation_GUI/src/core/CaptureBudget.h | P72: 40
A73: CORE-069 | B73: Application core | C73: CaptureBudget | D73: sdr::impliedCaptureChannels | E73: free function | F73: inline bool impliedCaptureChannels(double deliveredMib, double rateMsps, int bytesPerSample, int* channels) | G73: Channel count a measured capture rate corresponds to (within 15 % of 1, 2, 4 or 8 channels' worth). | H73: deliveredMib, rateMsps, bytesPerSample | I73: channels; bool matched | J73: x = delivered/captureNeedMib(1,...); match c if |x-c| <= 0.15c | L73: MainWindow::checkCaptureRate | M73: 1.2.5, pure. | N73: SC | O73: 01_sdr_workstation_GUI/src/core/CaptureBudget.h | P73: 54
A74: CORE-070 | B74: Application core | C74: ConfigValidator | D74: sdr::hw (ConfigValidator) | E74: class | F74: namespace sdr::hw // ConfigValidator | G74: Validates a requested launcher configuration (board, data-flow mode, channels, rates) against HardwareDb and returns Info/Warning/Error findings with remedies. | L74: ConfigDialog::refreshState | M74: Free functions + structs (not a class). | N74: SC | O74: 01_sdr_workstation_GUI/src/core/ConfigValidator.h | P74: 27
A75: CORE-071 | B75: Application core | C75: ConfigValidator | D75: sdr::hw::DataFlowMode | E75: enum | F75: enum class DataFlowMode { AdcOnly, DacOnly, AdcAndDac }; | G75: Launcher data flow: C2H capture, H2C playback, or both (index stored in SystemConfig.dataFlowMode). | L75: ConfigDialog; MainWindow (dataFlowMode != 0 -> H2C_C2H backend) | N75: SC | O75: 01_sdr_workstation_GUI/src/core/ConfigValidator.h | P75: 30
A76: CORE-072 | B76: Application core | C76: ConfigValidator | D76: sdr::hw::Finding | E76: struct | F76: struct Finding { | G76: One validation finding: severity (Info/Warning/Error), title, detail, remedy. | L76: ConfigDialog findings label | N76: SC | O76: 01_sdr_workstation_GUI/src/core/ConfigValidator.h | P76: 53
A77: CORE-073 | B77: Application core | C77: ConfigValidator | D77: hw::validate | E77: free function | F77: ValidationResult validate(const RequestedConfig& req); | G77: Checks a RequestedConfig against the board spec; error if no kit selected. | H77: req: boardId, mode, ADC/DAC channels and rates | I77: ValidationResult (findings; ok() = no errors) | K77: GSPS | L77: ConfigDialog::refreshState | M77: Defined ConfigValidator.cpp:146. | N77: SC | O77: 01_sdr_workstation_GUI/src/core/ConfigValidator.h | P77: 72
A78: CORE-074 | B78: Application core | C78: DmaSource | D78: sdr::DmaSource | E78: class | F78: class DmaSource : public ISignalSource | G78: Live mode: reads a PCIe DMA character device (/dev/iwfg0, /dev/xdma0_c2h_0) or the backend's capture FIFO non-blocking and republishes fixed-size raw blocks; survives capture-helper restarts. | L78: MainWindow::createSource (SourceMode::Dma, also UDP transport) | M78: Runs on the 'acquisition' QThread (moved there by MainWindow::createSource); invoked via queued QMetaObject::invokeMethod. Read loop re-posts itself via the event loop (no while(true)), 12 ms read budget per pump. | N78: SC | O78: 01_sdr_workstation_GUI/src/core/Sources.h | P78: 182
A79: CORE-075 | B79: Application core | C79: DmaSource | D79: DmaSource::start | E79: slot | F79: void start() override; | G79: Sizes the block buffer, opens the device/FIFO and queues the first pump. | I79: runStateChanged, statusMessage | J79: blockBytes = max(1024, blockSamples) * bytesPerSample * channels | K79: bytes | L79: MainWindow::onStart | M79: Defined Sources.cpp:723. | N79: SC | O79: 01_sdr_workstation_GUI/src/core/Sources.h | P79: 192
A80: CORE-076 | B80: Application core | C80: DmaSource | D80: DmaSource::stop | E80: slot | F80: void stop() override; | G80: Marks inactive and closes the descriptor. | I80: runStateChanged | L80: MainWindow::onStop / destroySource | M80: Defined Sources.cpp:744. | N80: SC | O80: 01_sdr_workstation_GUI/src/core/Sources.h | P80: 193
A81: CORE-077 | B81: Application core | C81: DmaSource | D81: DmaSource::applyConfig | E81: slot | F81: void applyConfig(const sdr::Config& cfg) override; | G81: Reconfigures in place while streaming (format/channels/block size keep partial bytes); re-opens only if the device path changed. | H81: cfg | L81: MainWindow::pushConfig (live channel/format edits, becameReady) | M81: Defined Sources.cpp:638. 1.2.4+: in-place reconfig so c2h_stream's FIFO reader is never closed. | N81: SC | O81: 01_sdr_workstation_GUI/src/core/Sources.h | P81: 194
A82: CORE-078 | B82: Application core | C82: DmaSource | D82: DmaSource::pump | E82: slot | F82: void pump(); | G82: Reads up to a full block within 12 ms; publishes admitted blocks; when idle polls for readability (20 ms) or falls back to a 2 ms timer for non-pollable devices; drains without publishing while paused. | I82: blockReady, statsUpdated | K82: ms | L82: Self-queued (QMetaObject::invokeMethod / QTimer::singleShot) | M82: Defined Sources.cpp:796 (private slot). Never switches the fd to blocking (1.2.3 did, freezing stop()). | N82: SC | O82: 01_sdr_workstation_GUI/src/core/Sources.h | P82: 197
A83: CORE-079 | B83: Application core | C83: DmaSource | D83: DmaSource::openDevice | E83: method | F83: bool openDevice(); | G83: stat()s and opens the node with O_RDONLY|O_NONBLOCK; for a FIFO enlarges the pipe buffer. | I83: bool | L83: start; applyConfig (path change) | M83: Defined Sources.cpp:667. enlargePipe() uses fcntl(F_SETPIPE_SZ) up to min(pipe-max-size, 16 MiB). | N83: SC | O83: 01_sdr_workstation_GUI/src/core/Sources.h | P83: 200
A84: CORE-080 | B84: Application core | C84: DmaSource | D84: DmaSource::writerGone | E84: method | F84: int writerGone(); | G84: Called when the FIFO writer closed: waits without spinning and re-attaches if the path now names a new FIFO inode (capture helper restarted). | I84: delay before next pump (0 after re-attach, else 50 ms) | K84: ms | L84: DmaSource::pump | M84: Defined Sources.cpp:760. Compares stat(path) vs fstat(fd) st_ino/st_dev; warns after 1.5 s. | N84: SC | O84: 01_sdr_workstation_GUI/src/core/Sources.h | P84: 206
A85: CORE-081 | B85: Application core | C85: DriverManager | D85: sdr::DriverManager | E85: class | F85: class DriverManager : public QObject | G85: Makes PCIe mode self-contained: checks build deps, builds the iwfg driver from drivers/, inserts it via pkexec insmod (or reports the exact sudo command), validates the node, and removes it at exit only if this session loaded it. | L85: PcieDiscoveryDialog::onFixDriver; MainWindow (exit-time rmmod when driverLoadedBySession) | M85: GUI thread; synchronous external commands (no shell). | N85: SC | O85: 01_sdr_workstation_GUI/src/core/DriverManager.h | P85: 24
A86: CORE-082 | B86: Application core | C86: DriverManager | D86: DriverManager::driversDir | E86: method | F86: static QString driversDir(); | G86: Directory holding the driver sources (drivers/ beside the executable or project root). | I86: path or empty | L86: PcieDiscoveryDialog::finish | M86: Defined DriverManager.cpp:63. | N86: SC | O86: 01_sdr_workstation_GUI/src/core/DriverManager.h | P86: 41
A87: CORE-083 | B87: Application core | C87: DriverManager | D87: DriverManager::compiledModulePath | E87: method | F87: static QString compiledModulePath(); | G87: Path of a compiled iwfg.ko if present. | I87: path or empty | L87: PcieDiscoveryDialog::finish (label 'Load' vs 'Build & load') | M87: Defined DriverManager.cpp:79. | N87: SC | O87: 01_sdr_workstation_GUI/src/core/DriverManager.h | P87: 44
