Workbook

Sheet Summary
A1: Acceptance Test Report — iW-ASCEJ-01-ATR-R1.0-REL1.0
A2: Package iW-ASCEJ-01-DF-R1.0-REL1.0 (software 1.2.5). Automated results were recorded from the logs in 01_Logs. Bench results are entered on the Bench Record sheet (yellow cells).
A4: Document | B4: iW-ASCEJ-01-ATR-R1.0-REL1.0
A5: Procedure | B5: iW-ASCEJ-01-ATP-R1.0-REL1.0
A6: Package | B6: iW-ASCEJ-01-DF-R1.0-REL1.0 / software 1.2.5
A7: Automated run date | B7: 05-Oct-2026
A8: Automated run host | B8: Ubuntu 24.04.4 LTS, Linux 6.18 x86-64, gcc 13.3.0, CMake 3.28.3, Qt 5.15.13
A11: Class | B11: Tests | C11: PASS | D11: FAIL | E11: N/A / open | F11: Status
A12: Automated tests (TS) | B12: =COUNTA('Automated Results'!A6:A15) | C12: =COUNTIF('Automated Results'!F6:F15,"PASS") | D12: =COUNTIF('Automated Results'!F6:F15,"FAIL") | E12: =B12-C12-D12 | F12: =IF(D12>0,"FAIL",IF(E12>0,"OPEN","PASS"))
A13: Automated checks | B13: =COUNTA('Check Detail'!A5:A2000) | C13: =COUNTIF('Check Detail'!D5:D2000,"PASS") | D13: =COUNTIF('Check Detail'!D5:D2000,"FAIL") | E13: =B13-C13-D13 | F13: =IF(D13>0,"FAIL",IF(E13>0,"OPEN","PASS"))
A14: Bench tests (BT) | B14: =COUNTA('Bench Record'!A5:A24) | C14: =COUNTIF('Bench Record'!H5:H24,"PASS") | D14: =COUNTIF('Bench Record'!H5:H24,"FAIL") | E14: =B14-C14-D14 | F14: =IF(D14>0,"FAIL",IF(E14>0,"OPEN","PASS"))
A16: Overall acceptance | F16: =IF(COUNTIF(F12:F14,"FAIL")>0,"NOT ACCEPTED",IF(COUNTIF(F12:F14,"OPEN")>0,"PENDING BENCH TESTS","ACCEPTED"))
A19: Sign-off
A20: Tested by
A21: Witnessed by (customer)
A22: Approved by

Sheet Automated Results
A1: Automated Results (TS)
A2: One row per automated test. The check counts come from the log of each test (ctest -V output).
A5: ID | B5: Test | C5: Suite / ctest name | D5: Checks PASS | E5: Checks FAIL | F5: Result | G5: Log file (01_Logs) | H5: ctest / runner reported pass
A6: TS-01 | B6: Firmware DAC input routing | C6: firmware/run_tests.sh | D6: =COUNTIFS('Check Detail'!$A$5:$A$2000,A6,'Check Detail'!$D$5:$D$2000,"PASS") | E6: =COUNTIFS('Check Detail'!$A$5:$A$2000,A6,'Check Detail'!$D$5:$D$2000,"FAIL") | F6: =IF(AND(E6=0,D6>0,H6="yes"),"PASS","FAIL") | G6: TS-01_firmware_dac_routing.log | H6: yes
A7: TS-02 | B7: PCIe end-to-end, firmware 1.2.1 | C7: pcie_emu / pcie_e2e_fw_1_2_1 | D7: =COUNTIFS('Check Detail'!$A$5:$A$2000,A7,'Check Detail'!$D$5:$D$2000,"PASS") | E7: =COUNTIFS('Check Detail'!$A$5:$A$2000,A7,'Check Detail'!$D$5:$D$2000,"FAIL") | F7: =IF(AND(E7=0,D7>0,H7="yes"),"PASS","FAIL") | G7: TS-02_pcie_emu_pcie_e2e_fw_1_2_1.log | H7: yes
A8: TS-03 | B8: PCIe end-to-end, firmware 1.2.0 (not reflashed) | C8: pcie_emu / pcie_e2e_fw_1_2_0 | D8: =COUNTIFS('Check Detail'!$A$5:$A$2000,A8,'Check Detail'!$D$5:$D$2000,"PASS") | E8: =COUNTIFS('Check Detail'!$A$5:$A$2000,A8,'Check Detail'!$D$5:$D$2000,"FAIL") | F8: =IF(AND(E8=0,D8>0,H8="yes"),"PASS","FAIL") | G8: TS-03_pcie_emu_pcie_e2e_fw_1_2_0.log | H8: yes
A9: TS-04 | B9: Host transmit path | C9: gui / tx_path | D9: =COUNTIFS('Check Detail'!$A$5:$A$2000,A9,'Check Detail'!$D$5:$D$2000,"PASS") | E9: =COUNTIFS('Check Detail'!$A$5:$A$2000,A9,'Check Detail'!$D$5:$D$2000,"FAIL") | F9: =IF(AND(E9=0,D9>0,H9="yes"),"PASS","FAIL") | G9: TS-04_gui_tx_path.log | H9: yes
A10: TS-05 | B10: Simulated RF loopback | C10: gui / sim_loopback | D10: =COUNTIFS('Check Detail'!$A$5:$A$2000,A10,'Check Detail'!$D$5:$D$2000,"PASS") | E10: =COUNTIFS('Check Detail'!$A$5:$A$2000,A10,'Check Detail'!$D$5:$D$2000,"FAIL") | F10: =IF(AND(E10=0,D10>0,H10="yes"),"PASS","FAIL") | G10: TS-05_gui_sim_loopback.log | H10: yes
A11: TS-06 | B11: H2C / RFDC control window | C11: gui / control_window | D11: =COUNTIFS('Check Detail'!$A$5:$A$2000,A11,'Check Detail'!$D$5:$D$2000,"PASS") | E11: =COUNTIFS('Check Detail'!$A$5:$A$2000,A11,'Check Detail'!$D$5:$D$2000,"FAIL") | F11: =IF(AND(E11=0,D11>0,H11="yes"),"PASS","FAIL") | G11: TS-06_gui_control_window.log | H11: yes
A12: TS-07 | B12: Whole application, simulation | C12: gui / app_loopback | D12: =COUNTIFS('Check Detail'!$A$5:$A$2000,A12,'Check Detail'!$D$5:$D$2000,"PASS") | E12: =COUNTIFS('Check Detail'!$A$5:$A$2000,A12,'Check Detail'!$D$5:$D$2000,"FAIL") | F12: =IF(AND(E12=0,D12>0,H12="yes"),"PASS","FAIL") | G12: TS-07_gui_app_loopback.log | H12: yes
A13: TS-08 | B13: Real iwfg_h2c with emulated card | C13: h2c_emu / h2c_real_helper | D13: =COUNTIFS('Check Detail'!$A$5:$A$2000,A13,'Check Detail'!$D$5:$D$2000,"PASS") | E13: =COUNTIFS('Check Detail'!$A$5:$A$2000,A13,'Check Detail'!$D$5:$D$2000,"FAIL") | F13: =IF(AND(E13=0,D13>0,H13="yes"),"PASS","FAIL") | G13: TS-08_h2c_emu_h2c_real_helper.log | H13: yes
A14: TS-09 | B14: Send-and-receive chain, fault injection | C14: h2c_emu / loopback_chain | D14: =COUNTIFS('Check Detail'!$A$5:$A$2000,A14,'Check Detail'!$D$5:$D$2000,"PASS") | E14: =COUNTIFS('Check Detail'!$A$5:$A$2000,A14,'Check Detail'!$D$5:$D$2000,"FAIL") | F14: =IF(AND(E14=0,D14>0,H14="yes"),"PASS","FAIL") | G14: TS-09_h2c_emu_loopback_chain.log | H14: yes
A15: TS-10 | B15: Whole application, live session, emulated card | C15: h2c_emu / app_live_session | D15: =COUNTIFS('Check Detail'!$A$5:$A$2000,A15,'Check Detail'!$D$5:$D$2000,"PASS") | E15: =COUNTIFS('Check Detail'!$A$5:$A$2000,A15,'Check Detail'!$D$5:$D$2000,"FAIL") | F15: =IF(AND(E15=0,D15>0,H15="yes"),"PASS","FAIL") | G15: TS-10_h2c_emu_app_live_session.log | H15: yes
C16: Totals | D16: =SUM(D6:D15) | E16: =SUM(E6:E15)

Sheet Check Detail
A1: Check Detail
A2: Every check printed by the automated tests, verbatim from the logs.
A4: Test ID | B4: # | C4: Check (verbatim) | D4: Result
A5: TS-01 | B5: 1 | C5: refuses to touch the switch before it is initialised | D5: PASS
A6: TS-01 | B6: 2 | C6: ...and leaves it untouched | D6: PASS
A7: TS-01 | B7: 3 | C7: boot default routes successfully | D7: PASS
A8: TS-01 | B8: 4 | C8: boot default puts the DDS on the DAC (was: host) | D8: PASS
A9: TS-01 | B9: 5 | C9: select host | D9: PASS
A10: TS-01 | B10: 6 | C10: host selection puts the H2C stream on the DAC | D10: PASS
A11: TS-01 | B11: 7 | C11: readback reports host | D11: PASS
A12: TS-01 | B12: 8 | C12: select DDS | D12: PASS
A13: TS-01 | B13: 9 | C13: DDS selection puts the DDS on the DAC | D13: PASS
A14: TS-01 | B14: 10 | C14: readback reports DDS | D14: PASS
A15: TS-01 | B15: 11 | C15: rejects source 2 | D15: PASS
A16: TS-01 | B16: 12 | C16: rejects source -1 | D16: PASS
... A248: TS-10 | B248: 244 | C248: closing the window took 160 ms | D248: PASS

Sheet Bench Record
A1: Bench Record (BT)
A2: Fill in the yellow cells on the target board. Result: choose PASS / FAIL / N/A. Example of the expected format: BT-04 Measured = 'Gen3 x8'.
A4: ID | B4: Test | C4: Objective | D4: Procedure (summary) | E4: Expected result | F4: Measured / observed | G4: Tester | H4: Result | I4: Date | J4: Remarks
A5: BT-01 | B5: Package integrity | C5: Confirm the delivered package is complete and unmodified. | D5: Set-up: Host with the package extracted. 1. Run TS/02_Scripts/verify.sh from the package root. | E5: RESULT: PASS: manifest matches, 37 firmware files, 13 contract checks PASS.
A6: BT-02 | B6: Firmware boot and ABI | C6: Confirm that the complete firmware set is running. | D6: Set-up: Board booted from the BOOT.BIN built from FF; UART0 console at 115200 8N1. 1. Power-cycle the board. 2. Capture the console log. | E6: [init] DAC input = DDS compiler and [pcie] pcie_cfg ABI 4 ... caps 0x7F are printed. There are no init errors.
A7: BT-03 | B7: Driver load and device nodes | C7: Confirm that the iwfg QDMA driver binds the card. | D7: Set-up: Host with kernel headers; card enumerated (lspci). 1. make in SC/01_sdr_workstation_GUI/drivers. 2. sudo insmod iwfg.ko. 3. ls -l /dev/iwfg*; dmesg | grep -i iwfg. | E7: /dev/iwfg0 and /dev/iwfg1 exist. There are no driver errors.
A8: BT-04 | B8: GUI launch and PCIe pre-flight | C8: Confirm the GUI detects the link. | D8: Set-up: GUI built from SC (or BN binary). 1. Start sdr_workstation; select Live — PCIe DMA, /dev/iwfg0, cs16, 4 channels, 200 MSPS. | E8: The link-discovery screen shows the driver, the nodes, and the PCIe link speed and width, then continues on its own. Record the link speed and width.
A9: BT-05 | B9: RFDC attach, ping and register sync | C9: Confirm the PCIe control mailbox works end to end. | D9: Set-up: GUI running; H2C CONTROL ▸ RFDC tab. 1. Press Attach. 2. Press Ping. 3. Observe the register readout. | E9: Ping is acknowledged. Every register is read back, and the readout reports ABI 4.
A10: BT-06 | B10: Boot defaults readback | C10: Confirm the board boots at the documented operating point. | D10: Set-up: Freshly powered board; RFDC tab attached. 1. Read the ADC/DAC rates, decimation, interpolation, NCO, DDS, DSA, VOP, DAC source, PL GPIO mode and AXIS routing. | E10: 4800 / 9600 MSPS, ×24 / ×24, NCO 3100 MHz, DDS 10 MHz, DSA 0 dB, VOP 32 mA, DAC source = DDS, GPIO mode 3, routing 0x1237.
A11: BT-07 | B11: DDS tone reception | C11: Confirm the receive chain with the on-chip source. | D11: Set-up: DAC output looped back to an ADC input through attenuation; DAC source = DDS. 1. Start capture. 2. Read the peak frequency and level. | E11: A single tone at the expected baseband frequency (DDS 10 MHz through the 3100 MHz NCOs; see TS-05). Record the level (dBFS).
A12: BT-08 | B12: ADC dynamic performance | C12: Record the RF metrics at the boot configuration. | D12: Set-up: As BT-07, with the Blackman-Harris window and FFT 2048 or larger. 1. Read SINAD, SNR, SFDR, THD and ENOB from the Measurements panel. | E12: Record all values. The acceptance limit is to be agreed with the customer. Reference: about 11 ENOB bits observed on the bench at the correct configuration.
A13: BT-09 | B13: DAC input source switch | C13: Confirm DDS ↔ host selection and readback. | D13: Set-up: RFDC tab attached. 1. Set the DAC input to Host, then read back. 2. Set the DAC input to DDS, then read back. 3. Repeat with rfdc_ctl dac-source host|dds. | E13: The readback matches each selection; the chain view says confirmed by the device.
A14: BT-10 | B14: Host transmit | C14: Confirm that generator samples reach the DAC continuously. | D14: Set-up: DAC source = Host; generator: sine, 10 MHz, amplitude 0.9, Loop-coherent on. 1. Start the generator. 2. Read the H2C to card row. 3. Read the received tone. | E14: H2C rate ≈ 762.9 MiB/s. The received tone sits at the coherent frequency (9 999 847 Hz at 1 MiB). There are no broadband disturbances.
A15: BT-11 | B15: Verify loopback | C15: Confirm the received tone follows the generator. | D15: Set-up: As BT-10, with the looped-back ADC routed to AXIS output 0. 1. Press Verify loopback. | E15: ✓ Loopback verified: the received tone moves by the same amount as the generator.
A16: BT-12 | B16: Transmit guard | C16: Confirm the capture is reduced while transmitting and restored afterwards. | D16: Set-up: Capture 4 channels at 200 MSPS; RFDC tab attached. 1. Start the generator. 2. Read the PL GPIO mode and the capture rate. 3. Stop the generator. | E16: While transmitting: GPIO mode 2, capture ≈ 1526 MiB/s. After the stop: mode 3 is restored.
... A24: BT-20 | B24: Power-cycle persistence | C24: Confirm the boot defaults return after a power cycle. | D24: Set-up: Change the settings, then power-cycle. 1. Read back as in BT-06. | E24: The BT-06 defaults are restored.
